1.001507000015229298e+00,5.827594360164896070e-01
-1.854148736097002270e-03,2.878881860278448279e-01
3.356895007281487930e-01,2.352107388405473842e-01
-6.780015968373243702e-04,1.434678436436578053e-01
2.001065055223894551e-01,1.502953284733643813e-01
-1.461717889758888710e-03,9.591732174612846440e-02
1.433669327181782416e-01,1.121951968963801755e-01
9.036883559337755749e-05,7.201345165110356605e-02
1.114632657651732223e-01,8.774663755690563505e-02
2.975513353201001483e-04,5.813699188608611318e-02
9.047379471972173681e-02,7.230422018323373612e-02
-4.346146971886959316e-04,4.777442367635990894e-02
7.708477912494522688e-02,6.108177369884434937e-02
-8.102944399461421568e-04,4.119657609889729177e-02
6.677692086142400507e-02,5.369346850637021079e-02
-2.110036309193015364e-05,3.600207846846222026e-02
5.828156961695285521e-02,4.689964992291934670e-02
-1.178017886865770039e-04,3.190000110391364579e-02
5.245051603467254520e-02,4.247183371970406074e-02
-1.920681215032888397e-04,2.875194938002543013e-02
4.818690603879666884e-02,3.830912803387698240e-02
-1.614627069245934280e-04,2.620227905768229143e-02
4.343523255128398791e-02,3.533285864600478610e-02
-3.366962016805625396e-04,2.402454759701338691e-02
3.978846859371091421e-02,3.216069357412869312e-02
2.301870191215400958e-04,2.218772866978122385e-02
3.655769944502956087e-02,2.994208339827609741e-02
-4.270976125232836475e-04,2.066910181051016815e-02
3.450521773410276938e-02,2.812026081015145743e-02
-2.441628538415684915e-04,1.926955178904632762e-02
3.270744901287625517e-02,2.604667717321907175e-02
2.386021742851247607e-05,1.797627994570000914e-02
3.062695903174686776e-02,2.468097728403015681e-02
5.100539389849083452e-05,1.690253475963825885e-02
2.843394038390456569e-02,2.312574079424638274e-02
3.992482704686284135e-06,1.609007088254546872e-02
2.724120002945391514e-02,2.180371082325293156e-02
1.080401216506532034e-04,1.506988038093555644e-02
2.590868946967505096e-02,2.084218311946640229e-02
3.063040624851136816e-04,1.449769864839803302e-02
2.448554997628183197e-02,1.959830357623272221e-02
2.051766838072516014e-04,1.374677604138897433e-02
2.331024142262366067e-02,1.894769950672824110e-02
-1.828738100459397040e-04,1.320629650308880083e-02
2.244533371544219294e-02,1.797805450696401269e-02
-9.027214898288171479e-05,1.251848802984895787e-02
2.144472876087231278e-02,1.724320859731334060e-02
1.788152352174757881e-04,1.205620155259586046e-02
2.039437998253168169e-02,1.659384282241139694e-02
5.801929573197035350e-05,1.157732231464611745e-02
1.964263731392760365e-02,1.593408624313880084e-02
-4.738990738907509505e-05,1.118379859613449594e-02
1.881977590659748845e-02,1.547219833161793401e-02
2.456839068779147900e-04,1.062423973815691987e-02
1.822816613690046716e-02,1.475721787381921966e-02
-4.189995868049641080e-05,1.032064896828716744e-02
1.754795147515648968e-02,1.406313949519907153e-02
8.657195091435032196e-05,9.945208544745148815e-03
1.708600309829778549e-02,1.381240913607640480e-02
-5.632155596971307582e-05,9.596095560334253621e-03
1.639288173922548789e-02,1.333480674002567382e-02
2.812889423569171982e-05,9.374382121992996114e-03
1.582161978474270689e-02,1.290917334108614319e-02
6.103352892998548004e-05,8.965312366071460926e-03
1.548387486166434741e-02,1.255257616575645128e-02
1.056099576165755663e-04,8.696768615026656893e-03
1.502616926200415690e-02,1.209756162537587235e-02
1.524006311137017901e-04,8.452307962295835947e-03
1.464001827275252486e-02,1.185945715008637595e-02
-2.714408405404928359e-05,8.226280387908221914e-03
1.405129292276030215e-02,1.145953580554588680e-02
2.124427979519074474e-05,8.069286934574758027e-03
1.374912518478694189e-02,1.106451303542761548e-02
5.826522190331652126e-05,7.831789577496020213e-03
1.340839611468931311e-02,1.085178916233197656e-02
1.132091739052796588e-05,7.657220946626019931e-03
1.296834346274246957e-02,1.053486250006960799e-02
3.322004568170537051e-05,7.439577445433840155e-03
1.251450912773198997e-02,1.034709653496164450e-02
5.558864036651005287e-05,7.157262324634433223e-03
1.217969751075915000e-02,1.002506512533909468e-02
-3.052126603979621230e-05,6.994818276504249054e-03
1.218290745520286301e-02,9.830557037535717774e-03
-1.045200379080609766e-04,6.924896815671603006e-03
1.173834908221026672e-02,9.566291603156114667e-03
-1.009139823907576782e-04,6.696163820762204497e-03
1.143960058532408723e-02,9.339154079812792345e-03
1.623015808174947840e-05,6.527774395745391395e-03
1.118085059048050563e-02,9.077839802830648189e-03
8.992954807394187475e-05,6.449567156636900299e-03
1.104796136256238834e-02,8.979222433576241127e-03
-7.501763663896581912e-05,6.262553092833489723e-03
1.088693255303255399e-02,8.785726063030461705e-03
-5.203851217600008304e-05,6.133417229972122457e-03
1.042257780253160078e-02,8.504340639418489500e-03
5.016929096758470264e-05,6.039116603263045176e-03
1.020130743213491092e-02,8.417242629776864465e-03
8.161302646784658382e-05,5.929574489851461433e-03
9.943918093726964932e-03,8.235754723856047663e-03
2.085632594163388016e-05,5.816990909747721782e-03
9.706823043838077106e-03,7.975519906258296196e-03
9.040628880347051973e-05,5.641839824627556399e-03
9.687474138698502074e-03,7.883854676860157368e-03
-3.979110136589516204e-05,5.497773508796778216e-03
9.534525550737861857e-03,7.681241951824991331e-03
8.937158290862883155e-05,5.404562507633563564e-03
9.449491566602515741e-03,7.602844734457215627e-03
-2.954694548718677109e-05,5.380880713486245991e-03
9.140495130245786595e-03,7.361817997817484555e-03
8.673226925803190917e-06,5.257742306417086293e-03
8.971895156090939349e-03,7.302608227624991268e-03
7.642318355007280526e-06,5.149173782563337860e-03
8.920540443500706018e-03,7.126839302736105546e-03
-1.429351341110156102e-05,5.076065335422955301e-03
8.709546269198755603e-03,7.174579811457844000e-03
-7.749277445461562710e-05,4.984406933435966795e-03
8.522809443059399179e-03,7.011070230958349123e-03
-6.255585669219031837e-05,4.875325104019688494e-03
8.430217594499588712e-03,6.847540516931873225e-03
-4.218468159422440132e-05,4.836011272350510502e-03
8.201554085942704131e-03,6.725810742245373272e-03
1.038534445883930677e-05,4.752872235436679700e-03
8.154597704361237279e-03,6.666304988165055491e-03
2.045230002222702613e-05,4.657422257448700850e-03
7.948242843084518325e-03,6.535938403503845605e-03
9.412952677120939882e-06,4.612373896063777338e-03
7.890598146009704730e-03,6.397814861902042724e-03
-2.659289893521525904e-05,4.512211363416874198e-03
7.860385908554617940e-03,6.307186895584579803e-03
9.215482634118938259e-06,4.474115606576373194e-03
7.678436619874827104e-03,6.211422024778447820e-03
5.722359548974921216e-06,4.405976503671670159e-03
7.484101266098134794e-03,6.139472467580779635e-03
-1.037549496074585676e-04,4.314382201587944540e-03
7.338178914441614333e-03,6.049607884473518979e-03
2.964872472631545678e-05,4.262301458541679910e-03
7.314498004535908982e-03,5.925295544082611991e-03
8.075446540321517251e-05,4.158471056035142194e-03
7.195040034282762162e-03,5.843967692078813787e-03
5.906448584300061161e-07,4.149860893086223038e-03
7.090835216390658190e-03,5.780828994844919994e-03
5.379533760011482441e-05,4.077220634738510339e-03
6.854268290333219438e-03,5.689478265797787843e-03
-2.656215688111679838e-05,3.988376606061765951e-03
6.978525383121949276e-03,5.671429447033477476e-03
-4.135851771355216285e-05,3.964000679052526524e-03
6.831485565923011566e-03,5.582300371555486140e-03
6.431774098013193217e-06,3.907478190591297772e-03
6.789966588761226114e-03,5.463382248956349593e-03
2.834575584720604264e-06,3.817229210834007912e-03
6.577523993497932410e-03,5.419029609173694681e-03
-4.378969179508270958e-05,3.799413127871992691e-03
6.458446349475166319e-03,5.262544841924956043e-03
-2.406656685355850392e-05,3.743056193660093851e-03
6.467478866165192984e-03,5.288094634890039107e-03
-5.156109983959013038e-05,3.718810432737702353e-03
6.260614560387075568e-03,5.134894829787807133e-03
-1.456700947922923656e-05,3.651661984685543663e-03
6.336143224258413732e-03,5.174994263146561434e-03
5.493580964511526788e-06,3.622986893972771159e-03
6.147196281319030307e-03,5.077478031952666060e-03
-1.561464309275811270e-05,3.555355489937507291e-03
6.070076046252474711e-03,5.004790198023815508e-03
4.550484214075471067e-05,3.515280631657455475e-03
6.047680564174023193e-03,4.938334337268180350e-03
1.273894784170453355e-05,3.462735950370621381e-03
5.983087908853953682e-03,4.852844751387750018e-03
3.778031339885089826e-05,3.464802786962659868e-03
5.896713709925468713e-03,4.845141489245962177e-03
-8.960090571134399332e-06,3.389403293661165731e-03
5.908915271119943163e-03,4.788534834836425357e-03
4.402972929765159142e-06,3.349202487989200606e-03
5.708567195609641660e-03,4.662966540788991872e-03
-1.380895361876235966e-05,3.318523040557545042e-03
5.729202894713933229e-03,4.659030766592001452e-03
8.680684614590754029e-05,3.262800837463290717e-03
5.744321417811796594e-03,4.593100791342389320e-03
1.435038082069423853e-05,3.251688562293316050e-03
5.628905732220183811e-03,4.460079132316495040e-03
-1.535226933299714464e-06,3.198948782611722459e-03
5.554951029510353175e-03,4.495107044513502181e-03
-6.339188775898451928e-06,3.161379454218140282e-03
5.440912857921404062e-03,4.461415428359217714e-03
1.201338750568965754e-05,3.147860208068599831e-03
5.431632900468127620e-03,4.416984103284800518e-03
4.245970842998984292e-05,3.107308928443512207e-03
5.377412168069361197e-03,4.373098056790339534e-03
2.837771496302568582e-05,3.066371514429907120e-03
5.292889539400400488e-03,4.316159575178798655e-03
3.948678223890227519e-05,3.038692419235844780e-03
5.301044032743112457e-03,4.277245933177202877e-03
1.400783188163434793e-06,2.984274825788896333e-03
5.221682056576132727e-03,4.258286104091565244e-03
9.691986982958375552e-06,2.952118748235196561e-03
5.050997335463654030e-03,4.190961321516039478e-03
4.935391535839987010e-05,2.957360376041013889e-03
5.073678066091015341e-03,4.140506885745964816e-03
-1.511559679848111238e-05,2.895646433537837558e-03
4.994693209114785953e-03,4.079865406297331944e-03
1.403170858547237499e-05,2.901744047160289500e-03
5.022528663401278418e-03,4.109099222073802661e-03
4.438789267106389935e-05,2.843358698742289112e-03
4.923178777470524001e-03,4.004100660959977742e-03
-1.798395996749683844e-05,2.828132139245671979e-03
4.961527219877426460e-03,3.985774286316673583e-03
3.921442382192993128e-05,2.804678519692037787e-03
4.811756213009961598e-03,3.958402850490537993e-03
5.206559142006324270e-05,2.768122837166980300e-03
4.788760484456225548e-03,3.892364648648730368e-03
-4.422553935910141914e-05,2.744393396780092642e-03
4.747729013227765249e-03,3.860831157949460267e-03
-2.181888193996512991e-05,2.731917936094013007e-03
4.658335962399438347e-03,3.778653430434309596e-03
-8.267758200999218352e-06,2.716847491367522290e-03
4.658665681396421260e-03,3.796253663161161269e-03
-2.302507795393498457e-05,2.677487502598256512e-03
4.599286307537165178e-03,3.753554419539850435e-03
8.238887613228196977e-05,2.664306853309830313e-03
4.586984812743687134e-03,3.699704443677601876e-03
7.827543970276164994e-06,2.621857146563649679e-03
4.570424293585552585e-03,3.661398697254362490e-03
7.086210996304995061e-06,2.586506994170510807e-03
4.544869583796719292e-03,3.600544313945125766e-03
1.339492781012777084e-06,2.587974979367739081e-03
4.466079715929603330e-03,3.632125333433995195e-03
-1.662420767317653289e-05,2.557698320425672283e-03
4.369115444685349979e-03,3.578934226646218915e-03
-2.824240282348918670e-05,2.543446130991646771e-03
4.371981605262593995e-03,3.551991930959908558e-03
-3.440817905840045808e-05,2.509379742591960963e-03
4.228235536062135980e-03,3.514530731090185871e-03
1.854551484115388353e-05,2.488322778444443297e-03
4.296960766053594533e-03,3.477782805427002012e-03
3.527493028948288002e-05,2.463107770527610870e-03
4.240333869163705194e-03,3.483451278147981032e-03
-1.538193756805926178e-05,2.453725253908707778e-03
4.209243611908587701e-03,3.429643111432759735e-03
-2.725981864644274027e-05,2.427769738077609207e-03
4.234678607844244956e-03,3.400803215038026867e-03
3.863205733772092791e-05,2.418076370322056346e-03
4.135447237681982163e-03,3.421211291450655233e-03
1.375149645105741900e-05,2.402288258268533983e-03
4.137780816754618556e-03,3.342239866473813159e-03
-2.661526766984259479e-05,2.351050918244771380e-03
4.083014755231844338e-03,3.326733907303149398e-03
-1.236791437629718770e-05,2.356867975774466339e-03
4.064829089279117791e-03,3.295711791206595246e-03
2.260169155634397185e-05,2.315354516486567860e-03
4.055615062059492355e-03,3.253975308924740052e-03
-1.024270436541804194e-05,2.315866198975866791e-03
3.923554654467278219e-03,3.232741753175594288e-03
-3.065228898591563220e-05,2.296680749941733008e-03
3.905559358979882999e-03,3.222287655654372703e-03
-2.121649702573941802e-05,2.278087323938169945e-03
3.935413797425395266e-03,3.196177533604886538e-03
8.504402625338336238e-06,2.250960799523933804e-03
3.858139262259864012e-03,3.195306284286901933e-03
1.192094666078809336e-06,2.236167835117886579e-03
3.818119004694649644e-03,3.102844175091311676e-03
4.419533619959602818e-05,2.227036311178964920e-03
3.883433823201837363e-03,3.140910244437919354e-03
2.503560797907474292e-06,2.206555609725366785e-03
3.830999451598356229e-03,3.072622920646774208e-03
1.170397592785304996e-05,2.191690468091919437e-03
3.763511862846465484e-03,3.062389881483287835e-03
2.176539952335658655e-05,2.166061975733599761e-03
3.764709696290513292e-03,3.089953112700360646e-03
-3.048217040070004766e-05,2.135393887597756332e-03
3.729174578281939725e-03,3.011246632097677560e-03
8.541213531469915793e-06,2.144784915732277607e-03
3.707312603169131762e-03,3.007789359062923353e-03
-2.364426133978506018e-06,2.121102813578980371e-03
3.669404276683124570e-03,2.971138008803327762e-03
1.092860587097949469e-05,2.104375976869339235e-03
3.648023148325829287e-03,2.967092294704684868e-03
1.288751516494102080e-05,2.089738222657894131e-03
3.629455215270514269e-03,2.959760484133453894e-03
8.169508317406908572e-06,2.079746519959190659e-03
3.563587380378166903e-03,2.909837658520344345e-03
-2.859205526501001283e-05,2.063510939487614177e-03
3.592894919329526690e-03,2.923915725072223637e-03
-3.863701994684094163e-05,2.043244234656743739e-03
3.569314432490553867e-03,2.865395574087599255e-03
1.768052833075561228e-06,2.025000167840678746e-03
3.477749421898711744e-03,2.867148601450940620e-03
1.548448187842114420e-05,2.017112789489887252e-03
3.507516597327055893e-03,2.816374485613361116e-03
-1.480010090470743670e-05,2.012545935054447198e-03
3.416591835121373169e-03,2.817782571649140363e-03
-3.014530001137015781e-05,2.000946925887883265e-03
3.415708267473620014e-03,2.818398620893230663e-03
2.243457644024694778e-05,1.984770689442658196e-03
3.431824674463558773e-03,2.774814521964848093e-03
1.063562221349511053e-05,1.942655603364261277e-03
3.384584467476272913e-03,2.744507839418183597e-03
2.864988278611303564e-05,1.950156208993802497e-03
3.368900926435684003e-03,2.773060573057189310e-03
4.032706153033390176e-06,1.943101382997331362e-03
3.305039749410757042e-03,2.728713384601541385e-03
-1.274447189475671046e-06,1.930304784924512414e-03
3.327496993314613821e-03,2.705936601671521998e-03
1.705410519655800044e-05,1.900446605283526071e-03
3.279325864144319504e-03,2.687073321055161949e-03
-4.220051253983675345e-05,1.895507669641025407e-03
3.236444233774180782e-03,2.653996377558873535e-03
-2.954981165812183141e-05,1.875712967053371491e-03
3.273341166437472669e-03,2.652192107033398902e-03
-1.818885828002975616e-05,1.881561143925012877e-03
3.253342489730158549e-03,2.623743695405811923e-03
1.112054866241373345e-05,1.852738206022969776e-03
3.254415046214300701e-03,2.624290081737487481e-03
-1.251725682260119758e-05,1.839871922402192906e-03
3.193840589309209377e-03,2.607847369574780010e-03
-4.602243708487998875e-06,1.843902033977843887e-03
3.214167691506824003e-03,2.585804722794605992e-03
-3.140423822896600648e-05,1.826951281233793901e-03
3.158462782937684205e-03,2.548130741752496244e-03
1.053068054012010415e-05,1.813047495713184616e-03
3.159237693560868528e-03,2.538602262290029585e-03
-9.785132254270510166e-06,1.818722234617109208e-03
3.138855355978637917e-03,2.553524016501656103e-03
1.054459438777766083e-05,1.788572555188041799e-03
3.106689305115880630e-03,2.535358045917837817e-03
1.205629738338221474e-05,1.778839093612735343e-03
3.076984927870769423e-03,2.527682581829487213e-03
1.403719430362861981e-05,1.777754100747308162e-03
3.070897656089525106e-03,2.482818604719179596e-03
8.768354315380477140e-09,1.765612340242625911e-03
3.017670901000605796e-03,2.489019665299472932e-03
-1.830555113059367066e-06,1.739749763496305311e-03
3.047518850124200131e-03,2.477375081151452722e-03
2.612515386338953966e-05,1.741759480587695566e-03
2.980240656874103174e-03,2.465386419064817536e-03
2.628233860506800243e-06,1.730880683934651497e-03
2.995871887425857836e-03,2.440301161043426613e-03
-9.442247130577936153e-06,1.713494694242978728e-03
2.986809617984771421e-03,2.407813459339753267e-03
-7.372362579831078042e-06,1.706991171572359552e-03
2.928912403043182257e-03,2.398909988762742539e-03
-1.212844068183179342e-05,1.689066751625975570e-03
2.926549178423492638e-03,2.370953998545132294e-03
1.233966195313607684e-05,1.688597125405464456e-03
2.922837819690355266e-03,2.378869941835103866e-03
-1.604333054182009976e-05,1.674164676922891342e-03
2.869871773795063148e-03,2.359206801812480971e-03
3.311808269274069312e-05,1.669695734108666337e-03
2.897391811983349944e-03,2.360774565876696141e-03
-2.309931097877386696e-05,1.656711749246976692e-03
2.884513799085718175e-03,2.340614398132940654e-03
1.064389143419416104e-05,1.650162404467235902e-03
2.822126068145190767e-03,2.346623401603808740e-03
1.588620308623493805e-07,1.648036519434194951e-03
2.781428440424252042e-03,2.320065988227852476e-03
-3.723343503304381226e-06,1.641310851582514566e-03
2.827856193361029998e-03,2.280958587486861273e-03
-1.298061511200242468e-05,1.604863585695762932e-03
2.752336922449194045e-03,2.281681152724953591e-03
2.992886179702674177e-05,1.622764314631245167e-03
2.739800042926644578e-03,2.256025446541818757e-03
-1.867064527374864141e-05,1.596370841177581967e-03
2.752615832904677876e-03,2.268131346301494045e-03
9.400595651483288032e-06,1.602260462522791000e-03
2.770014094106010641e-03,2.248353399294089790e-03
1.020691026380644833e-06,1.584079771912894454e-03
2.740033920783465325e-03,2.249194685734752768e-03
-1.709962160594734882e-05,1.574623409409352378e-03
2.729975990692561777e-03,2.223853415035247950e-03
-8.739510309626030140e-06,1.559860354493729012e-03
2.743074988437666645e-03,2.233890181718519233e-03
2.445245322577121855e-06,1.557725338486113309e-03
2.729384759517011413e-03,2.211233679337949124e-03
1.779655953910792203e-05,1.562141847714557368e-03
2.656046162904863658e-03,2.176830497700372926e-03
-1.216275813480886798e-05,1.540471721111181689e-03
2.663069999279478722e-03,2.171892976277486290e-03
-1.291060900886410761e-05,1.533693634922158070e-03
2.697532896207769336e-03,2.182154683997523936e-03
2.477581532199257863e-06,1.533493685300977563e-03
2.672872511576020443e-03,2.141990910633095272e-03
4.782257244010647473e-06,1.512257497949178993e-03
2.623731662371009844e-03,2.146365496236577342e-03
1.030977206701901288e-05,1.513114172907558362e-03
2.630087913537198716e-03,2.124700265332792829e-03
1.436557963634880518e-05,1.518864894403647260e-03
2.629308509537213977e-03,2.124317817771759296e-03
-1.656532513803407524e-05,1.491930266940282414e-03
2.549827448403110385e-03,2.107752404615026876e-03
7.822248110020735864e-06,1.500120690989064113e-03
2.535845206601950071e-03,2.094805700279088120e-03
1.915503902270944333e-05,1.481298218456450879e-03
2.582941237300429797e-03,2.078021029990711945e-03
6.215159312740579555e-06,1.467141783914421805e-03
2.539344179721786735e-03,2.076767129268462884e-03
1.234780939103013790e-05,1.467646524127861523e-03
2.553811132407926652e-03,2.058832468226686179e-03
1.619825108643823812e-05,1.455586150147951396e-03
2.538563992763953701e-03,2.059183039117985781e-03
8.030341212033980424e-06,1.443206260298385540e-03
2.498511867274199206e-03,2.048961183332767555e-03
-1.330643532385881147e-05,1.440051997122075147e-03
2.487473120495998623e-03,2.038295741052014321e-03
-2.039888579565394573e-05,1.436240649349335239e-03
2.472565821795346102e-03,2.022805728556437317e-03
2.305452997323396180e-06,1.427867120597645350e-03
2.460922454375877571e-03,2.004440783297828203e-03
-2.133633386598346422e-05,1.423900125429490441e-03
2.469808702467043721e-03,2.002399602971128081e-03
1.354758508416733750e-05,1.417209166948824343e-03
2.441293938857444241e-03,2.003838607659817837e-03
3.314551956208344898e-05,1.415721325429975929e-03
2.406332860499408883e-03,1.975474787744559320e-03
2.167709246809931858e-05,1.387713423976474859e-03
2.450726396488433958e-03,1.981632050063170721e-03
1.492606469034380955e-05,1.390961273322557966e-03
2.425745520787255319e-03,1.957785140247541526e-03
-1.561723373095342147e-05,1.391926022502728774e-03
2.404372976734445166e-03,1.964209587905685686e-03
-8.019717943526891371e-07,1.386571378138481102e-03
2.419816251265017020e-03,1.942310132536015192e-03
-1.647990705833711779e-05,1.365314896932658421e-03
2.332723255163438210e-03,1.918932203016862148e-03
9.283855202873174162e-06,1.368885930759539994e-03
2.365520084998441741e-03,1.935600089946638673e-03
9.528423331586103752e-06,1.358576198641434259e-03
2.327658979132009223e-03,1.922587166774346844e-03
3.949052337941701818e-06,1.360016535957533478e-03
2.391897696055557410e-03,1.900363619377437325e-03
8.930907382017904745e-08,1.344069276568809991e-03
2.351186374764404306e-03,1.913050414189192182e-03
-7.547690613590170527e-06,1.347734974511544549e-03
2.318019453883616177e-03,1.880983017297697046e-03
-7.193693067644238640e-06,1.337098717500289757e-03
2.305217497983507759e-03,1.892374417602607712e-03
2.301612208750004667e-05,1.329399598592358178e-03
2.284123364677465191e-03,1.881790558475502110e-03
5.637706161921413074e-07,1.323054350691613710e-03
2.301099324863891023e-03,1.857162758758915382e-03
1.699215664285087061e-05,1.317354060866443794e-03
2.272155933690921982e-03,1.864818360051849521e-03
1.705950798512663010e-05,1.311538400554454519e-03
2.275627721276433230e-03,1.851122792412480652e-03
3.255627811287896325e-06,1.312684587976167263e-03
2.250521617261765257e-03,1.839902886645076617e-03
-1.323777254434592746e-05,1.303743381283724865e-03
2.256877975486353168e-03,1.835370084272820506e-03
-4.703548667315072099e-06,1.295107772277441852e-03
2.242392912608803801e-03,1.833575524839351281e-03
1.017334212716715825e-05,1.280642314375939365e-03
2.221998833386708370e-03,1.827930819006761461e-03
-2.506797189168249865e-05,1.277167594261194783e-03
2.232880172940279739e-03,1.796318174959022403e-03
1.401328203005661270e-05,1.274015960477302162e-03
2.186687644739517076e-03,1.807424203343960126e-03
8.407435903315280563e-06,1.270761485116994128e-03
2.197685771343214564e-03,1.792298604857413399e-03
-8.830294686417646925e-07,1.273742275990437985e-03
2.166730450943039812e-03,1.789488507422904795e-03
1.137900314338839752e-05,1.261816604245759570e-03
2.189622366747019482e-03,1.771482529461637298e-03
-6.656839100816428279e-06,1.261509861939625428e-03
2.149268869244059296e-03,1.778193698106538033e-03
-2.319467239073223292e-06,1.252845821974121190e-03
2.155809266511758693e-03,1.747974174954453064e-03
9.158210115741960411e-06,1.239760019152908767e-03
2.169577361666175531e-03,1.759968820994897275e-03
-1.463523748197061165e-05,1.235089539679837039e-03
2.168887696964516901e-03,1.755146981797368411e-03
1.191331809641171173e-05,1.229542147991068103e-03
2.127751850986812042e-03,1.746662826550764635e-03
3.303490983367096683e-06,1.228394716946510246e-03
2.120448657929580212e-03,1.747646277315655734e-03
2.412295073138080865e-07,1.227406884719098009e-03
2.107602051178501194e-03,1.709511953556683414e-03
7.763146505387688333e-07,1.212809858508593231e-03
2.117626228290370172e-03,1.714973594968235981e-03
-6.467785519788797552e-06,1.219253580256834122e-03
2.079844194754848063e-03,1.704639782729144067e-03
2.033509684682054550e-05,1.211379577009359188e-03
2.086383869830518191e-03,1.674847788830562860e-03
2.338723027683620177e-08,1.195489349360355415e-03
2.085546602600624969e-03,1.711720282579683736e-03
1.381886958895435727e-05,1.203289134966945570e-03
2.052667589481412674e-03,1.690658802672750580e-03
2.128315553180020340e-05,1.197635253910192847e-03
2.076933540802777985e-03,1.663066411475174616e-03
9.794953173517006564e-06,1.180357394423994918e-03
2.067178508756514592e-03,1.677791977440764052e-03
1.025732509927030571e-05,1.190551481151599228e-03
2.076080767574029189e-03,1.651664079813863371e-03
2.027425267107727392e-05,1.183903373576125802e-03
2.039864074000391058e-03,1.659954291554970214e-03
-1.124676610455674365e-06,1.174359661144868056e-03
2.019149585548309089e-03,1.652546411863990575e-03
4.599727859434651282e-06,1.172149134212858860e-03
2.040896042618263028e-03,1.654629015149994015e-03
3.017148051243241828e-06,1.165307931354839146e-03
1.982810301647863586e-03,1.650651410685296692e-03
8.576514560329068540e-07,1.150548350563452117e-03
2.012670512616095662e-03,1.641399732307284890e-03
7.082365576770422003e-06,1.149403037862119920e-03
2.001950781973453608e-03,1.622476412405158283e-03
1.360541153401286719e-05,1.147731003123066184e-03
1.992172285313130280e-03,1.615621580123311612e-03
-1.826348148311023243e-05,1.141077624465052474e-03
1.997071151694341552e-03,1.631992922950546362e-03
-2.112860260453943733e-05,1.142913869516768008e-03
1.982145143572010444e-03,1.614250999035174265e-03
-1.831161179088546700e-05,1.136267623920208299e-03
1.983182600894640903e-03,1.590256879561007322e-03
2.036372668304392519e-07,1.130740363872541560e-03
1.929173804564433695e-03,1.592002291933459959e-03
-4.916098040624050590e-06,1.136240994790380663e-03
1.941939192816605946e-03,1.586496954301920646e-03
-6.419265504418878026e-06,1.120625707641557207e-03
1.961615364201746772e-03,1.577374919879769022e-03
-5.417083774911670869e-06,1.114971661680158122e-03
1.929702665520090146e-03,1.589445829970862964e-03
-2.991364808988631880e-05,1.120670959646851176e-03
1.939890481231357168e-03,1.576806485481434608e-03
5.146664228905470214e-06,1.102260103001893128e-03
1.912597811464665032e-03,1.578921805073735815e-03
2.367370339594028085e-05,1.109306736446120023e-03
1.898240721839668807e-03,1.546187560449352591e-03
2.100901575091430399e-05,1.102205953940804369e-03
1.881320573337966857e-03,1.556351290632186591e-03
1.888320973618104785e-05,1.095858832074770965e-03
1.917820483441089879e-03,1.551784307534544117e-03
-1.391172888275094943e-06,1.098798973895776096e-03
1.865989323556971769e-03,1.544561975730904995e-03
-8.137054725765868525e-07,1.085500947896179394e-03
1.888033020316467157e-03,1.535483118999621602e-03
-1.372861767603959488e-05,1.078600672793170005e-03
1.870370212208408937e-03,1.542678209376031938e-03
2.912021452052674823e-05,1.084368532264978020e-03
1.860676037439191414e-03,1.535792881075201096e-03
1.399818235457214727e-05,1.071598012715466262e-03
1.895356318117984813e-03,1.522912883420498610e-03
1.249170467903924717e-06,1.074098012022340698e-03
1.864322107445789533e-03,1.511965809227888572e-03
1.426340007796024976e-05,1.067729095443076086e-03
1.874157020982178011e-03,1.516607633809814205e-03
2.370102933822968322e-05,1.069482430125963130e-03
1.844055475185602715e-03,1.508622560216101851e-03
-8.984804451775083519e-06,1.057103071100091952e-03
1.839335044911086670e-03,1.505081828223754463e-03
-1.379611829951806433e-05,1.054254137418509643e-03
1.830481945201499223e-03,1.506058035406482006e-03
1.971985405317265745e-06,1.053351383635002135e-03
1.825026482531048747e-03,1.480443818391354374e-03
1.528413582160110894e-05,1.055662640744207438e-03
1.818074208931739133e-03,1.479121788407181462e-03
1.163105417866358840e-06,1.046400001848208283e-03
1.771616304676091160e-03,1.471366380534860343e-03
8.724679603860999990e-06,1.046906735828558033e-03
1.808174849581729469e-03,1.454780480999517261e-03
-9.934819226100575227e-06,1.031985047586127333e-03
1.779307997363515931e-03,1.453322453387371213e-03
-9.962324217979238238e-06,1.038904823585653234e-03
1.756056770634106205e-03,1.472550585899184842e-03
-1.062174167037209231e-05,1.022305463252416073e-03
1.787190459730488403e-03,1.449747186482029833e-03
-1.431430499485971601e-05,1.030357393134890068e-03
1.792353198879263537e-03,1.447147359865141999e-03
-6.920495921413518081e-06,1.019857067748650972e-03
1.768680689933377044e-03,1.447410020648606408e-03
-3.026966625890746139e-06,1.021566855326402814e-03
1.755833511688932157e-03,1.448700275413947322e-03
-1.330959182287181437e-05,1.023573942629456756e-03
1.729270994679031831e-03,1.450816818755169954e-03
-2.140322403608179190e-05,1.014405807116225975e-03
1.757216183823669857e-03,1.432700086514728834e-03
-1.193001581192118686e-06,1.011941834917743374e-03
1.744312337820996903e-03,1.435575308435878099e-03
1.154741635416183031e-05,1.005625147819574731e-03
1.736877953702878992e-03,1.417195753104313937e-03
-6.548591823538256357e-06,1.004937488871308253e-03
1.737698588942116623e-03,1.414253650154266660e-03
1.873943019204941753e-05,1.000061833241190894e-03
1.723064186543944417e-03,1.406141505691936317e-03
6.238530215654744277e-06,9.895909787883672409e-04
1.733466711733248639e-03,1.396472735429748731e-03
-8.601986353427306013e-06,9.906232662402528720e-04
1.735058703795979871e-03,1.403777973453414814e-03
-8.223536250359273378e-06,9.863256864756227930e-04
1.703159873452376495e-03,1.397252001983954103e-03
8.300514309059252183e-06,9.824839204358633022e-04
1.680980681331472682e-03,1.398181609976998025e-03
3.424164412706945498e-07,9.798221822934119040e-04
1.699644750552837267e-03,1.376737227690805502e-03
-9.761473381269638911e-06,9.845908203033899159e-04
1.703227257076147345e-03,1.381475754708259059e-03
-8.614162471042186013e-07,9.739900048294320919e-04
1.657283206017882288e-03,1.372350847484228240e-03
1.982685799947236874e-06,9.731726844617469502e-04
1.705951346799695770e-03,1.382110808673788502e-03
1.918614919731136131e-06,9.739643258859624359e-04
1.697248037082903531e-03,1.359740951530724129e-03
-2.895007969093466087e-06,9.587154381571306528e-04
1.662292834131688527e-03,1.371727130139152595e-03
2.373746407108887065e-06,9.616324483592402763e-04
1.644982274945934421e-03,1.365949259258169386e-03
-6.618143658535028761e-07,9.664339595750504356e-04
1.675268155754669735e-03,1.366447647156774801e-03
6.888077467378847197e-07,9.639143477093476027e-04
1.658125545297036785e-03,1.350074468323511200e-03
-2.042470482207778187e-07,9.564973445091725463e-04
1.633902243079526787e-03,1.341056394462136975e-03
-7.754034792983255753e-07,9.580043489553673533e-04
1.643235612986191805e-03,1.329131987926793863e-03
7.254184820960725447e-06,9.443130553744025560e-04
1.591438718483860221e-03,1.326546401048320483e-03
3.864583363523487666e-06,9.378187884932346653e-04
1.629214094329407923e-03,1.338338781228327586e-03
3.386777438101570705e-06,9.389792430438076778e-04
1.621407514563934921e-03,1.325657915028545389e-03
6.893677953874341844e-06,9.411431594307979615e-04
1.620277731944539962e-03,1.328745322238847034e-03
-1.123919642220378919e-05,9.306344198750837651e-04
1.620183392317163648e-03,1.329747183976821671e-03
-7.282937760667858314e-06,9.370935617019819728e-04
1.620167787567302004e-03,1.310873749290859553e-03
3.724694292357405699e-06,9.332477324534108618e-04
1.617833730610737002e-03,1.311047125806234868e-03
3.257299950778351448e-06,9.256585111165239891e-04
1.619335972711354130e-03,1.312948023066184576e-03
2.032221311872937875e-06,9.213074298785772949e-04
1.595799557747903594e-03,1.296875557047439060e-03
-6.561606867014983610e-06,9.152269711505627405e-04
1.585401459929683919e-03,1.299180784936526840e-03
6.232420711899268719e-06,9.158479065787254085e-04
1.586975793310155432e-03,1.288275489828305054e-03
3.666046579538667439e-06,9.029499658030981993e-04
1.590491948025359471e-03,1.283728631631744126e-03
-2.265472427304328039e-05,9.096899395089457765e-04
1.593278709223039727e-03,1.279982930367591816e-03
1.646023207480253710e-06,9.120264357434041671e-04
1.567728072874480108e-03,1.282390451387407709e-03
-1.358745403795902082e-06,9.098414346432279762e-04
1.553492100392566940e-03,1.283338957871664335e-03
-1.089075927721224397e-05,9.066357209287511949e-04
1.563497170188812759e-03,1.260094024947925250e-03
-1.672556077053236126e-06,9.068222167316179489e-04
1.536160042985642996e-03,1.261551202820400310e-03
1.384015102242999930e-05,8.987860802909984018e-04
1.553387751068656961e-03,1.263520230323089558e-03
-4.414270945830457552e-06,8.982376012871601170e-04
1.562438698272821920e-03,1.274187133319112236e-03
3.614391348154871531e-06,8.981758879013153774e-04
1.561280672388163336e-03,1.266464974911805713e-03
7.866287667678939066e-06,8.884930433415918908e-04
1.504493152491100452e-03,1.257290362826711267e-03
-2.306382276229611290e-06,8.855700380091740620e-04
1.550449858793176731e-03,1.249785053425689005e-03
-4.869624979850991993e-06,8.783626318930923662e-04
1.523193209115464688e-03,1.241491678508057847e-03
9.944736183104457283e-06,8.806817467137512904e-04
1.526043077612128027e-03,1.246393740474612119e-03
1.172836246819072644e-05,8.751335788413309308e-04
1.537842215847604315e-03,1.239320691528079726e-03
7.654821581304983744e-06,8.802737029753824336e-04
1.526151873343447804e-03,1.246166993562560507e-03
-9.780171616369581154e-06,8.732746913141500780e-04
1.476668204401498539e-03,1.232312156339849000e-03
4.387524149962800499e-06,8.704330127178796931e-04
1.488789775077375239e-03,1.232651055204839153e-03
5.463737688862053606e-06,8.679695323666209578e-04
1.469742040452695240e-03,1.222169940764608739e-03
6.794094981563931873e-06,8.643530971513059850e-04
1.501602477712726466e-03,1.202362147235608910e-03
7.483363664859718655e-06,8.628727656490739690e-04
1.474650154074988971e-03,1.228345625554914987e-03
5.710016919609059498e-06,8.569038816770896318e-04
1.483747428234934163e-03,1.204221737033276752e-03
3.104987143561874195e-06,8.551360580047544756e-04
1.479976483899079261e-03,1.216842033251480009e-03
2.134925197993560323e-05,8.572224141494687744e-04
1.488797948337958112e-03,1.206101621097373190e-03
-9.541189299225860123e-06,8.571258552652957904e-04
1.480062256746066986e-03,1.201449256179816993e-03
1.257202055530297627e-05,8.488450931861973468e-04
1.470666595421350493e-03,1.200097468390793178e-03
-1.644563233448309710e-05,8.507711462206033913e-04
1.462668373372666853e-03,1.198033024221554057e-03
-4.407847909896212109e-06,8.470278589469146593e-04
1.462728793443682663e-03,1.183542944877894994e-03
-4.173755247238874868e-06,8.440491146732920572e-04
1.449649043910069494e-03,1.190308059284674556e-03
1.416098886806387845e-05,8.375485382207605196e-04
1.462524028151085832e-03,1.168714910869715325e-03
-9.073752007778787846e-06,8.345040888023975284e-04
1.464605536995783460e-03,1.192521311737281594e-03
-6.077871982715502367e-06,8.424255445909345757e-04
1.443455271257955506e-03,1.180478160070683701e-03
2.315033856616345408e-05,8.361990988834992972e-04
1.436729476411990891e-03,1.178255612072743848e-03
-5.069609914177979294e-06,8.264820386305053897e-04
1.433483839112561923e-03,1.175856916889146068e-03
-3.523086664352560205e-06,8.233067916593456029e-04
1.441850825047399486e-03,1.163110725733060638e-03
-1.038170445767855601e-05,8.216347726336646357e-04
1.413311502189228347e-03,1.167115026940335198e-03
1.094133980940181258e-05,8.284371916570911409e-04
1.438485235384240508e-03,1.165056301384102821e-03
2.216381628394558456e-06,8.135406647645254024e-04
1.416791589441255281e-03,1.161845947862690572e-03
6.187369932923354878e-06,8.177109336851822591e-04
1.414434408153953347e-03,1.158985782227073876e-03
1.752759864645785188e-06,8.210351098504011435e-04
1.403058056290847847e-03,1.156318826889101824e-03
5.065944169252399395e-06,8.139099881190593700e-04
1.399628755979375871e-03,1.157770848185144972e-03
-3.550775677057153678e-06,8.071105682835352357e-04
1.408481558077870864e-03,1.147574114703708067e-03
-4.983149258722145931e-06,8.116043137229014479e-04
1.392447794560639938e-03,1.154751278016987988e-03
7.215301151456522617e-06,8.036994578394829640e-04
1.413738909311048004e-03,1.134349467674910725e-03
-8.659685401186364349e-06,8.056654074113408885e-04
1.395738418387113900e-03,1.134631410650291427e-03
-3.410768019367507851e-06,7.981951992230004256e-04
1.383800802779347689e-03,1.140071753361146349e-03
4.040654535513756029e-06,7.961806120542821042e-04
1.384316400741277854e-03,1.142707828576337717e-03
-4.893314271273575346e-07,8.000350039170181244e-04
1.385667277070269437e-03,1.133142849165217052e-03
-3.333903736726159614e-06,7.929173946906342045e-04
1.377187325024613112e-03,1.120148551320477399e-03
-1.207698250204441248e-06,7.927340110526696470e-04
1.384507676579633129e-03,1.130565172553741737e-03
4.159172774165500547e-06,7.928760320106766372e-04
1.389109384420224736e-03,1.115412081941334014e-03
7.237195926441194659e-06,7.874691805501326299e-04
1.359073329635052466e-03,1.112914472651755629e-03
-1.065639101183537508e-05,7.885820960178162222e-04
1.355894887216500637e-03,1.118359519068047852e-03
2.253932060471706688e-06,7.870282279418176026e-04
1.341088744573452635e-03,1.110267951750800852e-03
3.834384197269394844e-07,7.766623507963826226e-04
1.342815380662451888e-03,1.097145094052084371e-03
-2.934919592398096990e-06,7.840987243107917911e-04
1.348593752414929984e-03,1.090275231326683211e-03
1.774461064089794721e-06,7.822866258291180045e-04
1.338959961085545592e-03,1.099036147978323455e-03
-1.493045887305847219e-05,7.718974508472984178e-04
1.351535126113722392e-03,1.085141654144711676e-03
-8.048383141877099686e-06,7.694878583223161220e-04
1.340910001918396276e-03,1.099122914185866667e-03
3.392182898336847966e-06,7.682529170643676714e-04
1.330810859937559291e-03,1.091223707190650980e-03
-4.689726052966270860e-06,7.694806740625618558e-04
1.341295896073057495e-03,1.086943896399180515e-03
1.413950249575224249e-05,7.703951333852649633e-04
1.322546264088019646e-03,1.071949423181116010e-03
2.042284952325970678e-05,7.640504742246440962e-04
1.310208748117220072e-03,1.082284928575512470e-03
1.842041291034038643e-05,7.605369194479780649e-04
1.308068549549564830e-03,1.073220323460531093e-03
3.235096490887936516e-06,7.610660019256409829e-04
1.320926391329308629e-03,1.079835104215751823e-03
4.544554444595192258e-06,7.586894170074624149e-04
1.324542507918928221e-03,1.078179150882893058e-03
-8.252367104433177799e-06,7.528853086593771497e-04
1.321634629786277515e-03,1.070958669262823222e-03
-4.222828146639514818e-06,7.505995238337003893e-04
1.307622016310308393e-03,1.057378880252386483e-03
1.015103453918393990e-05,7.499786713385583068e-04
1.297781984419013775e-03,1.064275994967271710e-03
2.746021397628915670e-06,7.506499047709734628e-04
1.311591275921972092e-03,1.057666122597765348e-03
5.295553026842733646e-06,7.544073669994027804e-04
1.292906956101197045e-03,1.057231901347958566e-03
1.361960290635776741e-05,7.487049127224165192e-04
1.298091623380613537e-03,1.066403954469382709e-03
7.174750503039614909e-06,7.405514366401281254e-04
1.288645933250999421e-03,1.052929347234713613e-03
-6.365440007036465656e-06,7.426322498283192877e-04
1.297452818601977590e-03,1.061625442319492950e-03
-7.291412539501176729e-06,7.394967324572207122e-04
1.269950769990296508e-03,1.043666675692014227e-03
6.008931164758285436e-07,7.417703831027357272e-04
1.269931863718337705e-03,1.038348886337116033e-03
1.187640497183220547e-06,7.404332028386185994e-04
1.287056744829502509e-03,1.042406463614299356e-03
-7.922062370839219500e-06,7.370522043801020114e-04
1.272658869970432361e-03,1.036447013624502370e-03
-2.252790674195432631e-06,7.363574021013504639e-04
1.270788371879908070e-03,1.038164350401887901e-03
-3.771400063795044526e-06,7.328708669739102469e-04
1.266616121777603765e-03,1.027924030594320635e-03
8.903400199701231200e-06,7.336721687761881125e-04
1.268181211034253610e-03,1.036375805187200088e-03
-7.708385959007092378e-06,7.240796396979253587e-04
1.262327999100609256e-03,1.027636988855429572e-03
2.569913464227401540e-06,7.267269220823048461e-04
1.260657762779964722e-03,1.034025203389885928e-03
6.714388739868215922e-06,7.273996445589161076e-04
1.272280541444157937e-03,1.025151585630966868e-03
-8.866777904955447088e-06,7.247704882464585776e-04
1.258941500148873238e-03,1.017953559029578098e-03
1.144597904431744252e-05,7.167879901733255820e-04
1.233702853734907571e-03,1.016453061091923465e-03
3.348984287653569671e-06,7.188435840469110287e-04
1.255462451792491597e-03,1.016478526000749814e-03
-7.301969031095037656e-06,7.129809608307032974e-04
1.247587299911307682e-03,1.026973509101108311e-03
3.487099262562871718e-06,7.114896144471936912e-04
1.238996867932653286e-03,1.020574217874521163e-03
5.725914919176933438e-06,7.121550189512816393e-04
1.239336865701717730e-03,1.007285816520705124e-03
-7.095004323015951698e-06,7.174532405213351113e-04
1.233183049645292977e-03,1.003192218112229856e-03
4.990901401375035103e-06,7.097601242996412528e-04
1.221129012446971890e-03,1.003234923468861043e-03
1.396224689328118495e-07,7.022260129772590464e-04
1.216411517690534896e-03,9.949865894610574434e-04
8.365455948213534960e-06,7.058786440944891764e-04
1.217347001214779930e-03,1.003856420253260162e-03
-5.308403952460741676e-06,7.051244774293953955e-04
1.226470587757420979e-03,9.951618726055141539e-04
6.970106389384483468e-07,6.996036138862203168e-04
1.217043318307695424e-03,9.914719052586189966e-04
-2.831987113923518645e-06,7.017234213080261350e-04
1.221206164965774402e-03,9.954662877254853368e-04
6.556789053538657524e-06,6.949862729855588303e-04
1.213619501074570490e-03,9.930055274560160763e-04
2.207593435604788145e-06,6.998485033630093537e-04
1.222072357349876515e-03,9.979746837544725257e-04
-8.280640303145313743e-06,6.976025090744891266e-04
1.192404380324502350e-03,9.859217260448551595e-04
-6.047172323792855840e-06,6.934020975763010696e-04
1.199483300118705815e-03,9.850123477539826818e-04
-1.424488310481492647e-05,6.927574337413723625e-04
1.197403264384897100e-03,9.729034161454158756e-04
9.878578246443514739e-06,7.024440907865331157e-04
1.208748562096581027e-03,9.745135519732568002e-04
-8.847023880670009386e-06,6.947776970218039281e-04
1.185568576587047764e-03,9.689389452341837022e-04
-3.304673225829457500e-06,6.898839990395615488e-04
1.200741228981319327e-03,9.769657346924381751e-04
1.540020858060248538e-06,6.851395992016318624e-04
1.190055949613743301e-03,9.616864228965026551e-04
-1.768699096750668132e-06,6.847092765460408752e-04
1.190107836138777500e-03,9.720708309333167367e-04
-7.591593721429658169e-06,6.839406841326732154e-04
1.165469123986255864e-03,9.564284918325042465e-04
1.766614247443544424e-06,6.806209916222289357e-04
1.186865442060637934e-03,9.701820919484635888e-04
3.431393480931539672e-06,6.805785891791047435e-04
1.179300202518920567e-03,9.615293790961423111e-04
4.227548204255419103e-06,6.773653904618957573e-04
1.164794317097740889e-03,9.649373367955760413e-04
-8.177671164896835597e-06,6.785693821624625517e-04
1.174036394077946971e-03,9.612848753339357268e-04
7.890606596197148712e-06,6.806124874451458060e-04
1.181431225117537606e-03,9.609708019021556908e-04
2.007312945324828329e-06,6.766908236305109892e-04
1.172985736024034125e-03,9.573009449141005366e-04
2.687207378322092911e-06,6.726477341624613601e-04
1.175414068861031953e-03,9.568197677874614587e-04
-8.034141578923611213e-06,6.671655095852603275e-04
1.167469192091384438e-03,9.594438007364353106e-04
2.043062854859621665e-06,6.708882552080717076e-04
1.165545770252764167e-03,9.384925211791666361e-04
3.270132541910975068e-06,6.657823747780320300e-04
1.144469091320754082e-03,9.534988589471687058e-04
-9.244275622578415114e-07,6.719668894836643190e-04
1.141983530226314955e-03,9.408620461310721527e-04
2.720917462454333325e-07,6.651710189275627421e-04
1.147751151871779498e-03,9.380795093813303846e-04
3.108190159808915759e-06,6.650455869639128716e-04
1.153689047870873558e-03,9.387909793174434390e-04
1.160808957223081706e-05,6.604322031165488303e-04
1.157637104953500090e-03,9.321577408785151940e-04
1.025663877539371227e-06,6.643413555626101041e-04
1.133293739276794573e-03,9.355686876181674950e-04
-4.664469951476923521e-06,6.614780268156415701e-04
1.154057187748545226e-03,9.233015499935247512e-04
-1.378138511591161603e-05,6.537576232095745855e-04
1.134336004753015150e-03,9.289998436525667659e-04
-1.012722700839719400e-05,6.555414359782319681e-04
1.118628944936994737e-03,9.210222461067911611e-04
2.035396788415962869e-06,6.540876787457392200e-04
1.143087336844553215e-03,9.183318178490273119e-04
-5.307398394833334832e-06,6.524030990129852780e-04
1.114713783237306207e-03,9.297596125006300219e-04
8.463409350712230590e-06,6.538109756797446824e-04
1.125638943220532697e-03,9.292360037984176944e-04
8.592303566589100725e-06,6.469921579971235105e-04
1.116593969296764957e-03,9.135547418633600380e-04
-9.390971680948181528e-06,6.514948274306605214e-04
1.118503992647295600e-03,9.137779910217080047e-04
5.712451402684553862e-06,6.440456769854210547e-04
1.117678128598099821e-03,9.099288952765287536e-04
-2.108070894417774719e-06,6.446702473190291539e-04
1.114599008777960101e-03,9.140122730719259280e-04
8.421426192302797862e-06,6.470767656784326676e-04
1.112636631683047847e-03,9.106260650806947314e-04
-2.290956512570668088e-06,6.441313227737381197e-04
1.113914369296985707e-03,9.183982428575369894e-04
-1.069906466482759896e-05,6.436291222738642652e-04
1.124897393128968534e-03,9.063642470900058973e-04
3.983151710580659500e-06,6.408960556622662029e-04
1.102418540729498695e-03,8.988505651889067182e-04
-2.395804975443345032e-06,6.412843010835039348e-04
1.097267674602363415e-03,9.007286020991772104e-04
3.403007720235504717e-07,6.363348602868141267e-04
1.093039115898465164e-03,8.884059221240754372e-04
-5.047409879201638836e-06,6.354057308835545440e-04
1.095787678278424071e-03,9.027271697300910712e-04
-1.062448604070691068e-05,6.351115302128469871e-04
1.106850482047999759e-03,8.943543761053592955e-04
1.131775228165558433e-05,6.306448127980388094e-04
1.112756464180295231e-03,8.910242743748258368e-04
-1.081613077419710172e-06,6.333700744939244455e-04
1.102153519961059048e-03,8.896595351776169589e-04
4.262611588411601858e-06,6.332926055421035823e-04
1.099285380188464887e-03,8.944451803545297106e-04
-4.029212798527747634e-06,6.280591933550632279e-04
1.069148911669770292e-03,8.849699770974076398e-04
-8.906955419754153009e-06,6.308684724817267353e-04
1.091162766601985789e-03,8.799641782341774236e-04
2.651834174215682802e-06,6.265825467825136743e-04
1.080246893710558667e-03,8.823380170966450440e-04
-4.165026265185132707e-08,6.259626065502931543e-04
1.092711102481656957e-03,8.740357197786407725e-04
7.972917071474538479e-06,6.244604244480468809e-04
1.085166687989907704e-03,8.789926079486790186e-04
1.398616989988557908e-05,6.217941926901678074e-04
1.082946424426451662e-03,8.787064848734288825e-04
4.858164338222546413e-06,6.190576146121894901e-04
1.078441325699797506e-03,8.824684078544629525e-04
5.851468154194550021e-06,6.165259963902189593e-04
1.069872537494289668e-03,8.697057387981519099e-04
-2.466244465518360907e-06,6.212118549192945224e-04
1.048386593064692517e-03,8.676903829136187359e-04
-6.575123031930363368e-06,6.170139895467101126e-04
1.074187404641508119e-03,8.705540675560259319e-04
7.699043164529732270e-07,6.165755062571594150e-04
1.071766563551960561e-03,8.742754249773546180e-04
5.553491987848711881e-06,6.122883902756439452e-04
1.031614631026000909e-03,8.623897313994335033e-04
1.449261683557461670e-06,6.126701838196943299e-04
1.070184812241548175e-03,8.588298620773054557e-04
7.523287201263603517e-06,6.129912056253665736e-04
1.059946924971833047e-03,8.614261415820197512e-04
-9.583993987358597702e-06,6.072777476864179126e-04
1.056302986700268214e-03,8.619816628921647163e-04
2.211012664117044150e-06,6.063309891723079508e-04
1.055629588622083136e-03,8.568123399285519767e-04
5.418195129631667697e-06,6.003917745330154473e-04
1.052442386604419923e-03,8.539554685710347209e-04
6.336610457554067707e-06,6.030157501878202157e-04
1.034892973743803835e-03,8.683746065634021438e-04
-2.851016653149548806e-06,6.049674172615554773e-04
1.031438431069280938e-03,8.583964299403843866e-04
2.536407077981533862e-06,6.016355742819341768e-04
1.043092467919846771e-03,8.545060443893248920e-04
-1.487066423689029733e-06,5.999590120721854346e-04
1.038610068327622130e-03,8.461108326989968476e-04
-1.853856695128991346e-06,6.001922864838992551e-04
1.048815928318209446e-03,8.568725010953931031e-04
4.140181217185656626e-06,6.021477456454980707e-04
1.026956728230646885e-03,8.475201809799245587e-04
6.285352414938462067e-06,5.946821601749344285e-04
1.029649181030335573e-03,8.504525682943146238e-04
-6.437134077934287938e-06,5.972475742423858161e-04
1.037785539431192259e-03,8.460474626320872065e-04
7.841741273980379364e-07,6.017375723447635719e-04
1.032659734366680104e-03,8.406976128962948642e-04
1.367001612055869151e-06,5.947121272667607768e-04
1.030420724595964167e-03,8.399552598685274983e-04
6.962580537615430492e-06,5.962296049527572540e-04
1.032883868779237635e-03,8.384232289914288249e-04
-5.070218987683311980e-07,5.898150262528885791e-04
1.028145792299741930e-03,8.373680850435578178e-04
-8.159374117193666663e-06,5.871233433072659122e-04
1.017154714340386037e-03,8.356600808970758272e-04
-3.329151430360903403e-06,5.902055674696947201e-04
1.020145457079449456e-03,8.306830657982195495e-04
2.603266490751664995e-06,5.901346714537857724e-04
1.009716830928832163e-03,8.390559620837543609e-04
1.799577222388385629e-06,5.855836446609033073e-04
1.022712609520165733e-03,8.349702874321041426e-04
7.745003797520015203e-07,5.845874173929331693e-04
1.016933471023543983e-03,8.255979572148742758e-04
1.321140512603984825e-05,5.835270040654088426e-04
1.009796802143023316e-03,8.238523135511906801e-04
7.527600510145388425e-07,5.836562842349427623e-04
9.985679813533509131e-04,8.257917338462592407e-04
1.225954619164024473e-05,5.832146502240393013e-04
1.014732424652605141e-03,8.208160715559265855e-04
-2.151331208370996377e-06,5.815749866163271147e-04
1.012589501364751518e-03,8.155282163216777359e-04
1.085504176808530992e-06,5.776531948189372618e-04
1.000697839910727601e-03,8.292743695359666755e-04
4.555122455780774271e-06,5.792624533295609402e-04
1.004356954387470614e-03,8.202096063867158173e-04
3.805692425822237952e-07,5.797898216582102627e-04
9.998079464259919565e-04,8.143712109085212651e-04
6.262925765124488401e-06,5.744191956289663179e-04
1.003849847241774368e-03,8.152261095670447315e-04
-3.021604469145136571e-07,5.763013146264559482e-04
9.952646215195682777e-04,8.104221677555877284e-04
-6.635526079530883496e-06,5.767366873746442935e-04
9.939752290212035008e-04,8.133092072418889214e-04
6.278308695506731935e-06,5.727998137642571807e-04
9.920531887009855117e-04,8.118262011159260803e-04
-2.638447207706978853e-06,5.730983044166045211e-04
9.850526302893610007e-04,8.170167706531028008e-04
4.019148560904397888e-07,5.729535480860877602e-04
9.981252362366930652e-04,7.946524402703273237e-04
1.667901267401884089e-06,5.731034156927495822e-04
9.871667593297844216e-04,7.978322654859558655e-04
-5.064528395321018866e-06,5.684074762529778583e-04
1.001786778171505918e-03,7.999299795600247872e-04
1.101461634322708112e-05,5.728139020244460552e-04
9.878200421474937591e-04,8.043536290275091725e-04
6.625596623189658157e-06,5.690553941749651890e-04
9.800174107646728375e-04,8.074505852575746380e-04
6.548699841233136325e-07,5.677081387858480413e-04
9.813265628169037889e-04,7.993330909020120991e-04
4.267569746911631666e-06,5.660880695744290817e-04
9.813172237321679883e-04,7.922780736951953381e-04
5.155618025567165513e-06,5.621864335226447584e-04
