-1.432462108718209580e-03,8.214738210705850863e-01
-2.251933889971217614e-03,5.738152187651047731e-01
-2.131953749551206980e-04,4.743753307846609313e-01
-1.899250245149237829e-03,4.058200913059201720e-01
-4.147296568829457464e-03,3.667831137083425452e-01
3.193618220746248168e-03,3.360548425164577302e-01
-2.705164321978398506e-04,3.125566955290147719e-01
1.330988367778126059e-03,2.901236825505866812e-01
1.389429248850647522e-03,2.715284637984469174e-01
1.594496272565909664e-03,2.605180564445212510e-01
2.180822250773747483e-03,2.459791958161734182e-01
6.298154141571990277e-04,2.356971558187617444e-01
2.349923023164229559e-04,2.267660178095047552e-01
1.834209611494622572e-03,2.186264164775849339e-01
1.685602047624356736e-03,2.109190496331904974e-01
2.511932022097432531e-03,2.024654231474174726e-01
-3.978537108161866597e-04,1.968111019089051061e-01
-3.344388263122897390e-03,1.933072922017711193e-01
8.470091697384613720e-04,1.877358540175330937e-01
-2.184339229812238127e-04,1.819704672416861124e-01
1.460093654203634063e-04,1.776671321750222243e-01
3.064291071787101240e-04,1.724422942908412637e-01
-7.878209107018240140e-04,1.690154010437609766e-01
-1.436584017421321195e-03,1.662727676933875853e-01
2.012278374897943955e-04,1.611088534811207507e-01
-1.750961971416999672e-03,1.596533283570379103e-01
-2.059453107846084211e-03,1.557951712618019791e-01
-3.024798690528867143e-03,1.545896227824271052e-01
-1.862120560968003697e-03,1.503960315318916829e-01
9.883592645270628668e-04,1.492316088381798189e-01
-6.812536945251298354e-04,1.479484955268572932e-01
-1.839859202827711119e-03,1.434018120912813055e-01
-1.089756828995578665e-03,1.400232115205967687e-01
8.124229110730251096e-04,1.419356270561903943e-01
-5.785294100012856790e-04,1.377457074820531702e-01
-3.750291389585176292e-04,1.374276170154045407e-01
5.043606923279893468e-04,1.339312257697754804e-01
-1.445622107587463004e-04,1.318925671108621134e-01
2.175477784192477164e-04,1.316011054224519583e-01
9.390113446775497519e-04,1.275013438944852806e-01
-1.335346957684515733e-03,1.287032489039134919e-01
-7.684705114291671838e-04,1.276596449669333000e-01
2.177676217495544495e-03,1.241320264044027538e-01
1.189045867431549669e-03,1.243162390958885560e-01
-2.908966918570252223e-03,1.206556627933671327e-01
1.112790698193185344e-03,1.190353687727963294e-01
-1.305050344637306630e-03,1.187522514775543325e-01
1.940510035410374827e-03,1.173896036694330736e-01
-6.566691934029424485e-04,1.167543701811283446e-01
-5.786476525562890116e-04,1.144191610949743254e-01
7.724427255151234848e-04,1.138679173807575634e-01
-9.501911458654037097e-04,1.146468224417830778e-01
5.236790768486504748e-04,1.129437411613111314e-01
-6.869385084767625144e-05,1.107985891915086452e-01
-2.142215068270334475e-04,1.072387044336867018e-01
2.758727163923789354e-03,1.099133750484147798e-01
1.240729525698450577e-03,1.081890080560461431e-01
1.114130429979071730e-03,1.067879270890292331e-01
1.992913396263010055e-03,1.062799855261936932e-01
9.401015039883348610e-05,1.054257501074613024e-01
-1.386767868784664339e-03,1.037990206602097953e-01
6.062803492774556475e-04,1.044484814463870898e-01
1.007688659085336294e-03,1.029718170905591368e-01
-2.217432020150871506e-03,1.023459642437728745e-01
-4.001401610900510081e-05,1.029681413851175065e-01
9.490598451882178424e-04,9.819284588415359838e-02
1.366778950133348434e-03,9.985787631245095219e-02
-1.497429299705838263e-03,9.826438159260990346e-02
1.037157561833392016e-03,9.819492849179954630e-02
-1.886515421322874876e-03,9.688129728054578615e-02
-7.405388507660817191e-04,9.658296418718208265e-02
1.388794165844901883e-03,9.501641564410688579e-02
-7.255183381855175148e-05,9.599434092878024460e-02
8.089235836128416679e-05,9.525841393394055001e-02
5.027830663816210393e-04,9.621563504061420025e-02
7.418112660630176358e-05,9.441385972662473536e-02
9.913462836952237171e-04,9.276817173467928612e-02
4.429341961398369819e-04,9.229549112529732147e-02
4.652234155561291813e-04,9.231734759662316159e-02
3.777621099847061495e-04,9.158669039752632968e-02
1.878244257389226953e-03,9.196501595861857059e-02
2.052053134392830169e-04,8.984774735771761112e-02
9.466491999147693456e-04,9.035944194559593357e-02
2.327365857845332823e-04,8.890786416682401605e-02
-4.231836057109276939e-04,8.999325163306683140e-02
2.697653317249937296e-05,8.848608975178109959e-02
-9.988751887161431697e-04,8.893918774279246930e-02
1.254788278642229469e-03,8.686685613559265440e-02
1.349874286888973120e-03,8.641034151629080340e-02
3.673490649393958162e-04,8.596102521196428980e-02
-2.007572126702946531e-04,8.635716616194676065e-02
4.092588460947797595e-04,8.552480109880565562e-02
1.638680457253703865e-04,8.370801256617418917e-02
6.332108728460966599e-04,8.424671067630279397e-02
7.155328942871369167e-04,8.318949447200975345e-02
-4.634312562559765505e-04,8.278402880622691418e-02
1.006934450883743446e-03,8.324408065994830241e-02
4.561194348828214465e-05,8.367383443921250219e-02
-8.964500178143847576e-04,8.060309709651271304e-02
-6.820751341457361632e-04,8.237414849398932981e-02
3.993801934365448358e-06,8.102639095022773352e-02
-2.579287571872145002e-04,8.106089947603355161e-02
9.205962386714419644e-04,7.900812013462350791e-02
-5.124393711294521664e-05,8.147976969165762751e-02
2.087988403987955759e-03,7.965937419643080719e-02
2.671977668983115074e-04,7.927350495129109609e-02
-7.557188647657254489e-04,7.772980997953705951e-02
-5.657065755506915459e-04,7.816062367814750889e-02
-2.623519322771468345e-04,7.806849678917948676e-02
-2.174549277821815208e-04,7.836391550890844937e-02
1.806479466395423525e-03,7.677532888930564681e-02
-1.349441912224394599e-03,7.642954022990441909e-02
-6.701913252384660361e-04,7.664144465731390077e-02
5.184702889771989828e-04,7.549699700079674780e-02
9.101066320756002375e-04,7.578698540531551842e-02
7.537363694183561160e-04,7.636961817329847302e-02
7.186983636041956169e-04,7.494498219173480191e-02
-1.205452124873043415e-03,7.557061393453134990e-02
7.547577635317647207e-04,7.477502826546665593e-02
-6.069798380536916595e-04,7.413730210803796961e-02
-1.261430092869559919e-05,7.412208626428495872e-02
-2.438681408217311785e-04,7.370636741271115178e-02
-8.847331286387186697e-04,7.384918407575453980e-02
-3.800427809449170554e-04,7.350571263823331425e-02
4.829852125997015268e-04,7.310299345532429716e-02
-1.618826189534566232e-04,7.118775739527813395e-02
-7.153915672865474983e-04,7.241218617914106648e-02
8.564824998373926027e-04,7.329391169080555490e-02
5.048892995877177084e-04,7.129904908815305753e-02
5.215505370798256737e-04,7.204488660364272157e-02
2.933183369447442881e-05,7.120396173028525899e-02
-7.012259938319934625e-04,7.168875890534461004e-02
-1.186452883098036026e-04,7.074333834784338193e-02
3.378610149663409477e-04,7.161706914423794645e-02
1.598565824262563890e-04,7.021023280541451028e-02
-1.912940972433398200e-04,7.095520316821730955e-02
-7.553512921359926144e-04,6.971646210107010355e-02
6.776938480665570480e-05,7.051168743806254802e-02
5.296158571492058783e-04,6.925369750756066312e-02
9.425734161127512873e-04,6.935398818740882987e-02
-5.036064931893232321e-04,6.910754898832327520e-02
5.225303770765153026e-04,6.878142195738751186e-02
-8.235879532721583412e-04,6.786775898187703826e-02
6.136624569891423360e-04,6.867187699021370939e-02
-4.494254505477392951e-05,6.708681001734843885e-02
7.241439626085249088e-04,6.741979104337190998e-02
5.290085400344386908e-04,6.668305215624177607e-02
1.219004671237629810e-03,6.728120044483167084e-02
-2.787741600909335901e-04,6.748476783070082863e-02
6.171870053549902667e-04,6.646932263261118301e-02
4.169149723143349487e-04,6.644117102233050576e-02
4.299356158278684050e-04,6.737008967383847913e-02
9.703419224955982464e-04,6.588691116392260405e-02
1.342991374590913061e-04,6.514488232994920802e-02
-3.679881483567707442e-04,6.609073187103305103e-02
-5.099957922407525593e-05,6.483723681209586920e-02
3.305502053938465007e-04,6.508360277822348994e-02
2.982020324008785453e-04,6.432947239842828902e-02
-4.648567010380126163e-04,6.449160113902704938e-02
1.140334785068454184e-04,6.449932537498435925e-02
9.165691624666923339e-04,6.441090565031713788e-02
4.006036577068884902e-04,6.535299915098191637e-02
1.309787218980128763e-04,6.389913420841143721e-02
7.126850746449275116e-04,6.433446872623710400e-02
2.755583668489992779e-04,6.354214921340965716e-02
1.887947225265521739e-04,6.326420504653784693e-02
9.209352780655621169e-04,6.326184894000544401e-02
5.905538430176444703e-04,6.282431007602937156e-02
3.300351812168871523e-04,6.229384161954350935e-02
1.573423006054090127e-04,6.314221980534845402e-02
5.453072956236833854e-04,6.120074517959252225e-02
-8.453173962573372162e-04,6.214375949680880917e-02
4.579105729272015153e-04,6.228479597476529322e-02
-9.408799043599271571e-04,6.130144635881361326e-02
5.095949594930569877e-04,6.158568205408414958e-02
2.857541518651756155e-05,6.149950885592769811e-02
-3.259754451805168488e-04,6.259460798659148562e-02
6.767125106957574336e-05,6.148752591006974993e-02
9.214637099175465931e-04,6.066654315230209094e-02
-2.251437244133016658e-04,6.093505114315592858e-02
-1.248592928637485026e-04,6.088351408451642827e-02
1.341111332750054156e-03,6.052639834833578591e-02
2.501349296248299697e-04,6.067953853266465358e-02
-2.424365102324072766e-04,6.046916902477433853e-02
-5.795834255373134863e-05,6.022100824385106382e-02
-1.257630437343774021e-04,5.987177951236721113e-02
-2.059744103448109091e-05,5.925000028477322989e-02
-2.824050784716974601e-04,5.869276675001065813e-02
4.724908732632927843e-04,6.013458898210290865e-02
3.668702046971219805e-04,5.956077829684505720e-02
-2.835496594382160202e-04,5.951510806634425360e-02
-7.498648094318629415e-04,5.832899783559077067e-02
3.493675442473867998e-04,5.870574516705717727e-02
-2.154732516582898714e-04,5.884970340142754719e-02
-3.298196672107879968e-04,5.885341742594565190e-02
-4.903912459923573039e-04,5.811204232269630288e-02
-5.474845966741922511e-04,5.783058130491908200e-02
1.042485978880562441e-03,5.723165393948103502e-02
-6.834639948104315535e-04,5.695322875186349665e-02
4.018612780042110080e-04,5.737520835780854367e-02
-3.334034470119005237e-05,5.837671997018473863e-02
-4.119031827433179585e-04,5.825558004165082293e-02
5.047296908655358799e-04,5.743809721392178352e-02
1.711430033260321476e-03,5.791926355603244786e-02
1.957504757389641069e-04,5.753253721281834099e-02
-7.033102992730108464e-04,5.744276562793156765e-02
1.526461232537646047e-04,5.691120983662156102e-02
-1.384941183200235574e-03,5.617923659851187940e-02
1.145063541921121541e-04,5.561956503455420253e-02
1.099963844998784105e-04,5.601117451357416621e-02
-2.160163172471099569e-04,5.720628905307867385e-02
-5.670542275662591265e-04,5.623857756204059949e-02
4.157755966100951041e-04,5.602461491504232699e-02
2.118352980601011844e-04,5.544910120832506617e-02
-1.139671884404385242e-05,5.570956915438013413e-02
-5.479926281326279229e-05,5.518471282233795155e-02
2.370387886029348690e-04,5.545563403951636605e-02
1.033435168853145551e-04,5.538341363947662382e-02
4.260859421731481855e-04,5.469145416680751964e-02
-2.689188503821598065e-04,5.538695412731241968e-02
7.261199697427579963e-04,5.481336868414533187e-02
6.169358017145419636e-04,5.473435533776710438e-02
1.946042144527856575e-04,5.501008027866072930e-02
1.891822787237322715e-05,5.470975470270453278e-02
-5.166063435731715068e-04,5.526264526906743413e-02
8.455092012386206416e-04,5.418686300092984826e-02
-9.019847841140874779e-05,5.416746464379924159e-02
7.295623007727952388e-04,5.479045407588479383e-02
-1.146142256432088188e-03,5.423617034515192115e-02
1.150319146384751016e-03,5.396326283821385045e-02
-2.928435615715719469e-04,5.414117507414957509e-02
-1.461678207502112282e-04,5.376885856955238713e-02
7.988868894081831238e-05,5.317404405132700879e-02
-2.470939754508622152e-04,5.354251894111722310e-02
2.234350189212058475e-04,5.316387389402737335e-02
1.901303493060557751e-06,5.351266694180121380e-02
-1.002152167860717808e-03,5.247910885353645333e-02
-6.622589756872731496e-04,5.242766052002625909e-02
9.601447520763245990e-05,5.240058465042740643e-02
-8.220094079850649585e-04,5.241346810492001490e-02
2.480239771030448440e-04,5.349893243593310116e-02
7.446390277248454877e-04,5.196457893988012250e-02
-2.290169125259402453e-04,5.228823656184451718e-02
1.066755649541599693e-04,5.216145437654257089e-02
2.844391781849790789e-04,5.256865693674685203e-02
1.063471146226524456e-03,5.168487796207198171e-02
9.430938601118005942e-05,5.214766043957477087e-02
3.470317294556888102e-04,5.148338829733451610e-02
-2.655225647942533276e-04,5.185009974449712039e-02
2.660837809816048736e-04,5.126534610566887973e-02
-6.026937276738409538e-04,5.126574756682207579e-02
-6.645825785968474501e-04,5.108723201088271465e-02
-7.989593177948267145e-04,5.191200039636743868e-02
5.614350884961580952e-04,5.112553277679558750e-02
-7.009952594710040829e-04,5.098461641324450455e-02
3.479433931860986145e-04,5.127425733047275003e-02
8.366440485127609687e-04,5.123206204683942305e-02
-6.238463845366668892e-04,4.997477664488517157e-02
1.292443728631474274e-03,5.037122688435021617e-02
-1.514449086266547902e-03,5.088261326130306267e-02
3.146744348816150156e-04,4.961625752193812855e-02
-1.952107679280599506e-04,5.050852616675544776e-02
-4.718522749369360460e-05,5.074760357051916887e-02
5.045971501176362787e-04,5.004292612994588885e-02
4.505819224499007809e-04,5.013353830144118978e-02
1.409495659380823897e-05,5.001684299609534395e-02
4.119175954121346694e-04,5.018807646105736403e-02
3.848232563898771144e-04,4.960723208090120351e-02
9.031077247137791119e-04,5.017194509913053269e-02
2.057333292005837210e-04,4.985199577184998287e-02
6.231007792311760250e-04,4.982348530956189764e-02
2.514424147116234905e-04,4.991405674838759327e-02
-1.753332309473080270e-04,4.952293803316589610e-02
-1.967066317054851998e-04,5.051015863167029191e-02
1.296613099387123810e-03,4.998998247982214260e-02
-1.938371785802786920e-04,4.935171599795606934e-02
2.113087044962235416e-04,4.866388012292288678e-02
9.061601597940312355e-04,4.869960762805056881e-02
-1.458079495494759735e-03,4.855494442566435365e-02
-1.265277953621417924e-04,4.850917263510234195e-02
-4.182628523287531771e-04,4.901125886564300371e-02
1.760096652819093707e-04,4.862839086227888075e-02
-4.748732418508913155e-04,4.836852365840679097e-02
4.168545289036374975e-04,4.873896577799032015e-02
4.531651678092396508e-04,4.866014440342177061e-02
-8.885134221618455565e-05,4.889741881646597621e-02
-1.276317646915903616e-04,4.894194864891489999e-02
-8.690221235317997003e-04,4.801683868856818777e-02
-2.673258130424786176e-04,4.834072397701176527e-02
-5.498891055991934722e-04,4.868216320455540091e-02
6.358355947880118793e-04,4.730229503834994242e-02
-9.756512696626549585e-05,4.779992968539396175e-02
-1.600084992559459417e-04,4.784735356061680517e-02
5.044522154974948091e-04,4.793843938425133844e-02
4.232055809122499553e-04,4.767570692151347489e-02
-1.587046622219590681e-03,4.783965490675586019e-02
-1.203976058000297348e-04,4.784522533897424962e-02
6.640142799684232164e-04,4.725064996601117950e-02
-7.041846394656533408e-04,4.759005023604923057e-02
-9.926829667697224032e-05,4.678545109562037840e-02
-1.003912706864980726e-04,4.744857664094347116e-02
2.027588916090371294e-04,4.635946195327324271e-02
3.191670414518804367e-05,4.621697009393346822e-02
5.519327373438991406e-04,4.707243512343761010e-02
8.461653655021115009e-04,4.662890635636063319e-02
-8.774230624842798538e-05,4.644361171864089255e-02
6.886712707721361244e-04,4.732112502494199846e-02
-1.973546504958509861e-04,4.649859994392044338e-02
-1.671016765297280837e-04,4.661515136001373460e-02
2.619405397311753373e-04,4.656819686972189787e-02
3.036200033956920494e-05,4.584780450755442105e-02
-6.615740998030892196e-05,4.580857693931360275e-02
8.292862872380425297e-04,4.628604514383197199e-02
-1.873759140783440096e-04,4.574970659809999424e-02
6.601073392228757556e-04,4.610340172808818221e-02
-7.356163399334056689e-04,4.588804358635002051e-02
-5.727688886574243150e-04,4.611455957584224830e-02
3.637117508154204303e-04,4.527460336402971269e-02
3.126706357022139863e-04,4.582539066461371879e-02
-3.079523848123124897e-05,4.544250463081131453e-02
-1.159189526147006474e-04,4.525068924755561856e-02
-4.512848366632495707e-04,4.566637082437876444e-02
-9.391725735750784372e-04,4.542628945839801563e-02
3.309987223925410000e-05,4.444522660840389411e-02
-3.193443041972810230e-04,4.552130103461980021e-02
-2.338641400025795664e-04,4.589149054977559317e-02
2.291639678764123526e-05,4.505497691037423091e-02
3.323249517832760520e-04,4.532097927890376549e-02
-5.497552815517625603e-04,4.478436287875433436e-02
3.223223951370738803e-04,4.537932170628490580e-02
5.114281345692912265e-04,4.484316987795800707e-02
8.667898858340660102e-04,4.507821110170508183e-02
-5.369775334261271682e-04,4.454987015690200364e-02
2.380579461978253738e-05,4.431038923762379428e-02
-1.007235549050462852e-03,4.433589309961469965e-02
-3.953593064800326167e-04,4.492819657408536616e-02
-1.053591654196824604e-04,4.439136618761382186e-02
1.278677992316443841e-03,4.510714976221020384e-02
-1.129342824815262616e-04,4.413216987373511091e-02
-8.812385840954633023e-04,4.482084500040355024e-02
4.035438151259185540e-04,4.407862082975030210e-02
-8.638708931704775751e-06,4.349941866527270995e-02
-3.442119389340942402e-04,4.376778457664384780e-02
-2.740792566808178117e-04,4.365402366827296488e-02
-6.182450465756494928e-04,4.356004045370091837e-02
-1.993581610461522011e-04,4.386073245485164890e-02
2.649554917047971993e-04,4.392071243526732977e-02
-2.910564561091552593e-04,4.382042426152316095e-02
1.709092119017454651e-05,4.362618809552478577e-02
3.770781180347384338e-04,4.319242333816540602e-02
-4.782982848111980704e-05,4.351559891991674256e-02
4.541537092391681007e-05,4.331247948416435539e-02
1.197481859930445261e-04,4.379322578443459874e-02
-6.195889986213852551e-04,4.324843356974932690e-02
2.322808300732057601e-05,4.315747263756090912e-02
-2.652013695291767460e-04,4.288720179514494968e-02
-3.551089742467047699e-04,4.283417948864728236e-02
-3.520469812448523634e-04,4.340346582862655150e-02
4.285566169346210325e-04,4.237287578182296482e-02
-4.349450853837689610e-04,4.306820765132517853e-02
1.455829321560936362e-04,4.236144807553152841e-02
1.189323877446309781e-04,4.314556513610226518e-02
-2.964058840893557794e-04,4.331633094357046493e-02
3.715324176004316040e-04,4.284991532836117389e-02
1.003987518889880385e-04,4.320927049166639611e-02
5.558683504471461810e-04,4.302064664202837757e-02
-4.735838886666861054e-04,4.253082033546873308e-02
2.986308159626235100e-04,4.260755920068197422e-02
-1.498713040136314778e-04,4.211050920058947988e-02
-3.840279632161027861e-05,4.265484037928744809e-02
2.699597750529205060e-04,4.202875210876143991e-02
5.266348870622734619e-04,4.284831454234211412e-02
9.669288959691677639e-05,4.243738015496881927e-02
1.084495114798436589e-04,4.294561361813553635e-02
-3.350465713501071764e-04,4.235009026797112441e-02
-8.984537766250376206e-04,4.176753714784404992e-02
-2.663361778371172036e-04,4.265606303844713537e-02
-4.955095421353705471e-04,4.274891388259863950e-02
-2.823414389996754511e-04,4.152594844484601422e-02
-6.320008114028085970e-06,4.245657352583688537e-02
-1.567838498441393629e-04,4.158494375271615251e-02
5.327630453758531754e-05,4.159303432911558990e-02
-2.325339220627110871e-04,4.141364359887712843e-02
-3.462066111222380995e-04,4.134361918298649213e-02
-3.482654582408785111e-04,4.194005245992112052e-02
2.594787491802039831e-04,4.190556247320758460e-02
2.568757369866845122e-04,4.106627480223910831e-02
-1.320942141829049453e-04,4.120045541415259804e-02
7.754847762794937066e-04,4.136390235898829842e-02
6.451605581891807321e-04,4.105586772770064563e-02
1.730632994672878271e-05,4.143706642771310261e-02
2.169490910149047863e-04,4.140987430742806147e-02
6.900200835347726968e-04,4.050873597616470173e-02
9.314674780915541163e-05,4.108477455927131428e-02
-8.671652096336826283e-04,4.144020536815377909e-02
-4.464189968264730031e-04,4.084251043438691386e-02
3.157121990494721111e-04,4.056177411233390095e-02
-9.572154793394050309e-05,4.116347292905501998e-02
-1.800386641800323360e-05,4.079091034214139821e-02
-2.583344513768801379e-04,4.047986647976309360e-02
-2.133368504008656982e-04,4.053211635918978900e-02
-6.275789228828948345e-04,4.068063544787919178e-02
-1.809566226903276253e-04,4.095703797770448851e-02
1.538853480223327961e-05,4.117519303117263274e-02
3.710688348788377674e-05,4.113202661290342455e-02
5.861352916164293530e-04,4.075180320314342880e-02
-1.653919969522465625e-04,3.984678156048934022e-02
-5.761913273350775409e-04,4.080683704816455426e-02
-7.512001630264809231e-04,4.059030750884987104e-02
-2.717746797881604587e-04,4.030026927839362033e-02
6.619709056940816416e-05,4.058577282817071863e-02
3.355885147226337641e-04,3.967123785118292778e-02
4.147655386642473121e-04,4.002917239514294789e-02
-1.567110133806996492e-04,3.992713948619282943e-02
2.314418628254219114e-05,3.996937082595859031e-02
1.979811605695400731e-05,3.964197655958556776e-02
-7.212663899287476046e-05,3.957639181730304018e-02
5.322890108329024180e-04,4.061803825515011152e-02
-1.018500551214168368e-03,3.936787692161629326e-02
5.495181436269158952e-05,4.022750196321030897e-02
-1.100232693994251042e-04,4.015769874758922525e-02
3.834870810343899285e-04,3.973691564156424383e-02
-4.262656083364903389e-04,3.937489725144624475e-02
3.595927174052180176e-04,3.954115770969206939e-02
-1.285541065052020807e-04,3.983741278083331033e-02
-1.959143410438518725e-04,3.956339733371258549e-02
-1.253552595364598504e-04,3.889134851017600480e-02
-2.337260262796982981e-04,3.931257833946861374e-02
-3.514996497155414758e-04,3.938991299189523176e-02
-1.401192233672077236e-04,3.927085007367086406e-02
3.338877537957868000e-04,3.935697966045356017e-02
-1.603831669302516574e-04,3.919253444248729790e-02
4.504337555912256300e-04,3.966543558201172937e-02
-1.820071106009358067e-04,3.965250049652399578e-02
4.719851961438735108e-04,3.864126858443034385e-02
-4.113237747995524842e-04,3.914741792801226805e-02
7.464485468663227129e-05,3.927511642637717543e-02
1.058256080805495202e-04,3.878222941439973814e-02
9.446723473124060732e-04,3.927809196662686991e-02
8.252313319082826241e-05,3.876970843121511912e-02
2.532587218210629568e-04,3.904106066008054127e-02
-3.954170769750600732e-04,3.929772800530269283e-02
5.126012358233493537e-04,3.904806340197077702e-02
1.305339650357317458e-03,3.902669043953913702e-02
3.940697849850970363e-04,3.872033722738080913e-02
-3.757638969944291328e-04,3.928810880668458932e-02
6.307390346278869903e-04,3.882084778308145245e-02
-3.025015588313556981e-04,3.874796743019329887e-02
1.294315299666241349e-04,3.866339764315800120e-02
2.487198010858221908e-04,3.882683232664634748e-02
-1.537634096060962587e-04,3.906642110598933237e-02
4.357693989192550321e-05,3.874193951094365845e-02
-7.148470606709764706e-05,3.864268493260026444e-02
6.643393178397995202e-04,3.830131915904196049e-02
7.207757767603983760e-05,3.870237398285926445e-02
-6.711495578273987553e-04,3.831061392752429379e-02
1.377545584103399097e-04,3.810958676707061621e-02
-1.597454062097244769e-04,3.835692307491750386e-02
-5.923244096926355865e-04,3.805228237933075408e-02
3.159118536704687242e-04,3.814623078389422356e-02
1.310861168466329602e-05,3.838974691684442220e-02
4.510949323541264816e-05,3.855519113598714770e-02
2.771051428629892717e-04,3.790168699985860257e-02
2.649018361461970435e-04,3.803897123957301202e-02
1.427354504279005796e-04,3.760734244697130219e-02
-4.810273075126375608e-04,3.812123316761912434e-02
3.222562929449240550e-04,3.776481595743220315e-02
1.689502284380488186e-04,3.776052155960357010e-02
-3.996761957484188982e-04,3.778909515614892189e-02
-3.449152430007675660e-04,3.777131267910033285e-02
-2.214710531903404185e-04,3.747806193902887550e-02
-3.699921472945749516e-04,3.782223732211126288e-02
5.569977112470983743e-04,3.839982148539498180e-02
1.472961591690848885e-04,3.727015355112172496e-02
2.819634675055221256e-04,3.773259290173448105e-02
-2.989738302301436518e-04,3.685879921874418014e-02
2.927017547032051783e-04,3.731578214645437513e-02
-2.025262439642363914e-04,3.773887458668107736e-02
-1.206445472695278509e-04,3.738190966816180849e-02
-4.567969277116753113e-04,3.757271894425129322e-02
-1.376890766384171862e-04,3.727177961603944656e-02
-4.069145901517679225e-04,3.695316491184098134e-02
-1.076804526574166621e-04,3.712901146302972216e-02
4.308469694741260607e-04,3.680728365297424726e-02
-3.339941209317561464e-04,3.657518186513945141e-02
5.279738349325723478e-04,3.658569024811650361e-02
-2.370024223705113333e-04,3.772441161070138466e-02
5.393951075943225794e-04,3.659441294775601927e-02
-5.758161995556194696e-04,3.700884715156035898e-02
-4.874574973678040112e-04,3.727786830954166186e-02
-2.839374422299382182e-04,3.645606938646205747e-02
-3.254143236652378389e-04,3.685532424882679431e-02
-5.806835724002111293e-04,3.715458281800553680e-02
1.295042977265694034e-04,3.705585807913625712e-02
1.109709456744549798e-04,3.718121786263258594e-02
-9.437109526207016711e-04,3.698064122117141611e-02
-4.671125480621084419e-04,3.651318331659882815e-02
1.487627249781822097e-05,3.640415691574757501e-02
-9.515440454167628482e-05,3.668058875446976452e-02
8.949714633105088210e-04,3.658112798204279231e-02
6.810390795090580656e-05,3.645603552281084792e-02
-2.310829377053956934e-04,3.596122642579786116e-02
1.136830595080332826e-04,3.659174256228326511e-02
1.333621152561408280e-04,3.632769279574929455e-02
6.123161109474450350e-04,3.572727467784839878e-02
-6.472104037208788359e-04,3.701155219621810044e-02
6.584206767140913944e-04,3.603639627287000269e-02
8.394208996393565442e-06,3.644472516335088563e-02
1.292798281878609218e-04,3.568713019651446189e-02
-9.662738387001843583e-05,3.626305047906335649e-02
7.472656369041876694e-05,3.610735503486228043e-02
1.162889946708090921e-04,3.629132116444974687e-02
4.785174728255347197e-04,3.689781167830263886e-02
2.906543131959954504e-04,3.604803546321740798e-02
3.237299448721590606e-04,3.550625880753915942e-02
-5.168286644913969033e-04,3.677958189101345615e-02
-5.668873386655188824e-04,3.619705454075380913e-02
-7.818012147804559984e-05,3.596310469085865769e-02
1.137781990070928895e-04,3.583012073768675892e-02
-3.084964469248034896e-04,3.572959670856823422e-02
-2.643831168595025632e-05,3.570367818451933989e-02
-2.891044560214858067e-04,3.580119699831438990e-02
-3.559690566020741356e-04,3.574794882661246065e-02
6.537791709674310519e-05,3.552753357677682078e-02
-1.628507832669276640e-04,3.608965244741463990e-02
5.531492700688354176e-04,3.575292898328184810e-02
2.299270891427190541e-04,3.539265814634745544e-02
-1.505240880532419956e-04,3.550242095082801336e-02
-3.387028857753235562e-04,3.538836656475419229e-02
-3.978689959795458187e-05,3.524656285483773049e-02
2.356650467953098698e-04,3.543201378590594280e-02
-5.273947355508271009e-04,3.520699591324204236e-02
-1.174145024053736624e-05,3.521989690150151980e-02
-2.382045902937891346e-04,3.522611313444726916e-02
-2.295203045271047707e-04,3.502507933635856663e-02
-1.356935691613073754e-04,3.495861778161851730e-02
-9.449973435393367810e-05,3.499309860115992071e-02
-1.388322376643075303e-05,3.480801276473279721e-02
4.199728849714579959e-04,3.561856571075499439e-02
-1.907929810986224134e-04,3.502906487257857054e-02
2.375448027319016896e-04,3.483951729076862486e-02
-1.027287981058177179e-04,3.530366665515804331e-02
-5.252147341438114739e-04,3.478663186352221742e-02
3.138360560079616235e-04,3.535253792981216808e-02
6.664056407221978593e-05,3.456919923088747765e-02
5.114658802461642716e-04,3.535087515282952370e-02
-4.409377665489210420e-04,3.484213504949330159e-02
1.486576345370367754e-04,3.477147143813005131e-02
-4.191107308288989620e-04,3.483902034544916065e-02
-4.490175147561066235e-04,3.450631403493288618e-02
-1.887351838939960202e-04,3.450861632310036481e-02
-5.435553895003368595e-04,3.413796487861994744e-02
-8.818560630583583207e-04,3.479713808402209313e-02
3.258213120191259869e-04,3.443332531093776239e-02
-4.008670235309594169e-04,3.465281173820428801e-02
-4.804516476552701918e-04,3.426936224755911670e-02
1.652758604056618846e-04,3.440490675957947470e-02
1.721569217816955387e-04,3.556381110614644653e-02
4.304848302545585923e-04,3.482814914499899467e-02
2.627689491450248662e-04,3.431750438337093784e-02
-1.773155360660556867e-04,3.495489440385196600e-02
-2.123877689079055515e-04,3.473945294471503242e-02
7.568124920196210809e-05,3.507103054958599780e-02
1.546120954293481154e-04,3.415613863037119530e-02
-8.615791909398592052e-04,3.500986389566861090e-02
5.139030418731815875e-04,3.435248457986640053e-02
8.051619253793828671e-06,3.453089860430395147e-02
3.784304118238371512e-04,3.399915068865190515e-02
2.271869237614771591e-04,3.418650586602914321e-02
-6.270331374797600118e-07,3.381752409194570264e-02
-2.499760924116263723e-04,3.370482076730966364e-02
2.016228480483119013e-04,3.386546363904469059e-02
3.170242391210902305e-04,3.431340616349229378e-02
-1.190299626465155354e-04,3.409524972713624813e-02
6.135524620881540464e-05,3.374725596326508259e-02
-1.808013808144631534e-04,3.458151479717217619e-02
-2.775670281079204446e-04,3.376979547945315602e-02
2.379296729112823647e-04,3.379161276333430414e-02
1.279329842310472296e-04,3.407885774209449409e-02
-4.984187654087638602e-04,3.384170120222539796e-02
3.117626934382470780e-04,3.402966812828565196e-02
1.322299175021446913e-04,3.362386520593536182e-02
-4.252857533615275851e-04,3.375503845026087829e-02
-2.474201297316013697e-04,3.371895314273869876e-02
-4.440997522847988993e-04,3.415300219933516818e-02
-1.260607377845796278e-03,3.410644973174744438e-02
-3.781788193004323039e-05,3.329593827822895091e-02
3.429987802242047000e-04,3.342360026717783317e-02
-1.478702164563502452e-04,3.369079941395083239e-02
5.672683692804878115e-04,3.319138781814399281e-02
-9.098692560893853465e-05,3.320402223739461756e-02
-3.209711999710396463e-04,3.360646111263827090e-02
-1.949303836180491434e-05,3.335758434773241493e-02
-2.789774687991065992e-04,3.321731602646408460e-02
9.986056221796690705e-06,3.320065295040658393e-02
1.310940356547776622e-04,3.380492257111897964e-02
-3.669053256873926753e-05,3.358464570221883494e-02
-4.143885665022573940e-04,3.343525886882564579e-02
7.711357620071547991e-04,3.349112158186298704e-02
-4.034456059764444762e-04,3.322350182100025640e-02
-1.073308751806703430e-04,3.343421866524531189e-02
1.963706346987598497e-04,3.316311231292397993e-02
5.135100623152946426e-04,3.348770167700295536e-02
8.523541798302738731e-05,3.282288422842544878e-02
-1.883732016335552101e-04,3.300615960576926133e-02
4.955521500245975777e-04,3.290488950405932866e-02
-1.174466983781734475e-04,3.300086420113667457e-02
-1.175483026087419450e-05,3.354917546711763676e-02
-3.317021121734823794e-04,3.271327011422330705e-02
3.656960099512275488e-04,3.303342719778162850e-02
-4.312760324824029662e-04,3.315920567472146335e-02
-1.236593450693824949e-04,3.283137781334719701e-02
-6.532298138735093476e-04,3.328371140783235871e-02
-3.444314990806016303e-04,3.300340459073129035e-02
2.876438647045540778e-04,3.266428560396755776e-02
-2.327875416251415797e-04,3.312665543812496477e-02
-3.323725152481216702e-04,3.282946331845780497e-02
3.075477501643806752e-04,3.297306943188106632e-02
1.246856410155256834e-04,3.257705644352233698e-02
-2.429859074069274890e-05,3.281910781061813526e-02
2.076400411426722607e-04,3.274252323311681312e-02
-3.127170298575585587e-05,3.284643840875910853e-02
-2.121250748114277430e-04,3.282719556075253814e-02
1.032660073217193318e-04,3.265857895700812613e-02
-6.782177456420690866e-04,3.236921090711053495e-02
3.011133644754629960e-05,3.295604015731361247e-02
1.207245529266096139e-04,3.294156040393396434e-02
-5.949690863897808425e-04,3.213290873540736170e-02
6.832885999900639942e-06,3.272371807057289361e-02
-1.753649333298927927e-04,3.258135435630006571e-02
2.130915940210903697e-04,3.238176609989468213e-02
-9.412826510716456436e-05,3.217056310217299847e-02
2.588227136189949745e-04,3.251920483347092716e-02
-1.974520129048164903e-04,3.218003359236825539e-02
-2.952166356359638946e-04,3.222624531926154834e-02
1.494097978311530097e-04,3.244958235150712661e-02
4.263155146887213573e-04,3.281964272282605205e-02
-9.334412156380845062e-06,3.230858122399082877e-02
-6.160911166355123451e-05,3.220500947208422560e-02
-1.674941036792235377e-04,3.206663412844424493e-02
3.813449184347725025e-04,3.226724936511054381e-02
4.418497812578987241e-05,3.253397530616069372e-02
2.742694392109625207e-04,3.263609572232878397e-02
-2.351182174308055729e-04,3.213406775437133156e-02
-3.244198025578073734e-04,3.214226417948797682e-02
1.108429259490266482e-04,3.200684448908608370e-02
-8.633625637581747512e-05,3.217114849920857389e-02
2.052311547619599754e-04,3.213305440888858389e-02
2.459189266174152569e-04,3.222832906878018294e-02
-2.070817957917994734e-04,3.224311372273723497e-02
6.241174007081398071e-05,3.194120222528462616e-02
-2.381149281470500926e-04,3.247106073677846760e-02
3.754930152178012127e-04,3.214748720136023641e-02
5.657969614838806872e-05,3.196150303607640103e-02
3.891436851874882337e-04,3.131662249255166841e-02
2.560797999868688013e-05,3.209058885985208859e-02
-2.683136578842610699e-04,3.188205548412613444e-02
3.731301138768397616e-04,3.160222050797910354e-02
2.797762452354550842e-05,3.168013272311893253e-02
2.652634568571768836e-04,3.143117702623920290e-02
1.787598724059503378e-04,3.184981020547863334e-02
3.712594030985358643e-04,3.180619278425846075e-02
2.284686214353930350e-04,3.166061679686837244e-02
4.009585832723176844e-04,3.179478400738106059e-02
-1.368921545834101761e-04,3.187797643129895719e-02
1.876359122044928658e-04,3.134277941129314654e-02
1.550953511221838234e-04,3.170999892054927188e-02
-3.386271820893026023e-04,3.178600453580080615e-02
5.587336855617524190e-05,3.199927335793458644e-02
4.023059743326746996e-04,3.163422140537125449e-02
4.323260974931054609e-04,3.184389715552993216e-02
2.549299456903514794e-04,3.142922127589681258e-02
4.244735673473060437e-05,3.150410157887918727e-02
1.284624783447053757e-04,3.127671409882648579e-02
-7.395772345536469014e-05,3.112128023039405569e-02
8.072061138006486017e-05,3.150529245819323060e-02
-1.618949585429209457e-04,3.205563048673043536e-02
1.927412943058910894e-04,3.129126828041919883e-02
-1.543267425752321454e-05,3.142829063436933940e-02
-2.237861634714214190e-04,3.121717372090575260e-02
3.011458447244880622e-04,3.132246291457353726e-02
-2.734558216315149709e-04,3.146922119191727929e-02
-3.628605960291335516e-04,3.129740823516412307e-02
-1.293766790739740572e-04,3.105855251446222945e-02
2.197735206705109224e-04,3.124963099598772678e-02
9.395622933908866052e-05,3.120231648699707538e-02
-1.703202609917228987e-04,3.101497218813553322e-02
1.194734549749923322e-04,3.122655198554058140e-02
-4.244943909670159557e-04,3.104268073025045691e-02
-9.444836861975836214e-05,3.068333705975161141e-02
-3.594268193985017791e-04,3.142501444756975321e-02
6.051036460031511189e-06,3.065667400920360150e-02
-6.453866630026405175e-05,3.114521714248502313e-02
1.569276110442498974e-05,3.126015085737774563e-02
-3.550979210768603640e-04,3.122971562239373888e-02
-8.666153054863456884e-05,3.156170479111668897e-02
9.749399603016103370e-04,3.111561995062563438e-02
1.927716573037313564e-05,3.110679948096773881e-02
-8.163925686949699534e-05,3.077598503265786128e-02
-4.053071088194773420e-04,3.098146474761518526e-02
-3.976148707954407107e-04,3.060529069887907294e-02
-2.319324306277734723e-04,3.110675565023688499e-02
7.918425138196360483e-05,3.067706628830101784e-02
-1.700460795614886682e-04,3.019364899457312526e-02
1.725764263663235091e-04,3.012124420984675296e-02
3.068985868638648517e-04,3.091379993953853253e-02
-3.540466412353383244e-04,3.080799463176537439e-02
1.834634734066718299e-04,3.063956647040256762e-02
5.588042218094480722e-04,3.100830447438962176e-02
-4.922470954858317168e-04,3.082155020668917583e-02
-3.904374760088650176e-04,3.091807826603053255e-02
6.523579667705778741e-05,3.067615987534217520e-02
-7.406636058209791233e-04,3.071074419675874981e-02
1.171922491110142183e-04,3.034321074527211032e-02
4.462408240000417933e-04,3.050224891971054994e-02
-3.551012907437993437e-04,3.027497615549965687e-02
6.681413458690714459e-05,3.034593105022577800e-02
1.664125670050335605e-04,3.069431374332011464e-02
4.640005051339760457e-04,3.039476612926379773e-02
5.378682643825241004e-05,3.012213786701695845e-02
-3.299996442913484047e-05,3.051690927261580671e-02
1.710467738950201993e-04,3.026858387699754918e-02
-2.223115618693206484e-05,3.024680394365450442e-02
8.396289048620375714e-05,3.032480850841709138e-02
1.702948973348785821e-04,3.050645484960808410e-02
-1.725772202423317078e-04,3.031568474830899015e-02
-1.441400175407522020e-04,3.028225124891848613e-02
-7.534947836996912490e-05,3.004625291588400998e-02
3.430894095084251975e-04,3.022884207868033191e-02
-1.168423515468140832e-04,2.982746169348259035e-02
-2.182355451554105331e-05,3.036059909348732058e-02
-4.537016154335622243e-04,3.037055646480240137e-02
-2.008315549816621097e-04,3.023280485306414911e-02
5.226100504724450835e-04,2.999404163673151033e-02
3.524963599443989878e-04,3.014850365859463727e-02
-7.561449064988766031e-05,2.990838027858923331e-02
3.750138297367184019e-04,2.969003891025834285e-02
-7.653427125396260623e-04,3.000329769602080865e-02
1.713954262482539998e-04,2.948164550228240047e-02
-6.431582866507717336e-05,2.998533655279712884e-02
2.260235392463680998e-04,2.973464221433974250e-02
2.168410211377946257e-05,2.998445046029552669e-02
-3.727547506750802453e-04,3.031633964472586068e-02
2.551537517218954395e-04,2.979626684185672850e-02
-4.941059589853116253e-04,3.017442213473693277e-02
2.618209160759273654e-04,2.994876528741413635e-02
2.959028135921472260e-04,3.007426379420395299e-02
-3.854744637878373069e-04,2.984144297677775864e-02
-2.199512328076885142e-04,2.960306476263386763e-02
5.485243329672770092e-04,3.007268278345511664e-02
-1.888363743989157661e-04,2.967005474155677905e-02
-4.310456532677693376e-05,2.968973501058231809e-02
3.234733503966873711e-04,2.966939921433736985e-02
2.428427120516761701e-04,2.988291207713332509e-02
-1.533035419221879842e-04,2.968749804250376753e-02
-9.936897625801312500e-05,2.932293159611341904e-02
1.758458794854858977e-04,2.989554877519133569e-02
-1.938738948208992678e-04,2.976251070732324408e-02
-2.871008975700944064e-04,2.939946143919277416e-02
4.606279151738302386e-04,2.935952782808872591e-02
5.707650482093030466e-05,2.958709019294201992e-02
5.695785894333049541e-04,2.957170160025090686e-02
-6.700998823040910709e-05,2.952704260820588136e-02
-7.158453175339406574e-04,2.979961931141766537e-02
7.456726016536157752e-05,2.960226709447291368e-02
-7.200390924766277912e-05,2.970090794909932552e-02
-3.846377819012402710e-04,2.950963039405080091e-02
3.610952206261028611e-04,2.998044597348307333e-02
2.903923698531677257e-04,2.928911887611522491e-02
-5.099712845453324055e-04,2.933719430818599108e-02
5.994407361732388174e-04,2.946087628006916967e-02
-3.061587436591587806e-04,2.907640400267442332e-02
1.626719315136068928e-04,2.944676815255047042e-02
1.547583706778495104e-04,2.950702495732623540e-02
-1.466391766172421562e-04,2.931286358430340924e-02
-3.196341474724970601e-04,2.914606849314363771e-02
-1.591507775383638190e-04,2.933640916903361082e-02
-1.910067084168954785e-04,2.907973253875859726e-02
5.110192756896242677e-04,2.922187450281418797e-02
-2.417204598710101786e-04,2.882490492361721238e-02
-1.761145465271174275e-04,2.940352825536769049e-02
-2.841779226800733365e-04,2.921637707634089365e-02
1.663106531591849937e-04,2.907219441708617375e-02
-4.928139882474549382e-04,2.920410743234182552e-02
8.181447722220951666e-05,2.901186865271502061e-02
2.112892595269726418e-04,2.922327780081636003e-02
2.304169653199895766e-04,2.898659299369653677e-02
-1.004093954475691880e-04,2.934684471074930009e-02
-1.656661152348209488e-04,2.893402488031582287e-02
1.804597373653030136e-04,2.908865171166289190e-02
1.191216616815342577e-04,2.930631472216170888e-02
5.255308519951704506e-04,2.936674377731465085e-02
-2.608675097809324276e-05,2.895611545203478562e-02
-9.523694738976495313e-05,2.907205313244829240e-02
-3.100231494479025493e-04,2.858064597728271483e-02
-1.118545852351230616e-04,2.884344679838410710e-02
1.175751487293478157e-05,2.894146791194406390e-02
-3.116286131416801065e-04,2.888881426592323706e-02
1.045822868385952301e-04,2.900805790723371205e-02
3.076499664047196579e-04,2.865596196764019429e-02
-4.904335675672033951e-06,2.857995146023338887e-02
1.232689201892054590e-04,2.864244750709172074e-02
-7.028374008782211279e-05,2.880998096685340529e-02
-8.398871684555098670e-05,2.894317998753080309e-02
9.743271663421050860e-05,2.941344229412593686e-02
-1.284907583581400769e-04,2.848995533404171179e-02
-3.847644381983182931e-04,2.909211282424321518e-02
2.639920560493601970e-04,2.847524588108877458e-02
-8.004810591286324055e-05,2.862015849294706829e-02
9.036953035083632852e-05,2.860323890194543806e-02
-4.621964961888314007e-05,2.899079112745770945e-02
-1.646121804893056932e-05,2.876830255763998187e-02
1.611094585155934864e-04,2.851631556212860102e-02
-8.882786174146856974e-05,2.866349960615464584e-02
1.582596965028129480e-04,2.836762558205630988e-02
-7.399258874837954928e-05,2.855230689802911587e-02
-2.274463752824425905e-04,2.873563716429129722e-02
1.985107637619574008e-04,2.854027695547727006e-02
-5.475121207509432058e-04,2.872912332793536166e-02
4.456632539205136355e-05,2.829502294999904771e-02
1.260069923164440617e-04,2.854240662297475792e-02
-3.570060573003056579e-04,2.863735222041704706e-02
4.343541204613375422e-04,2.809511740328662910e-02
-5.680655323935527223e-04,2.860087859627909526e-02
-4.952492146137393381e-04,2.839749117638518811e-02
-2.354008108240591827e-04,2.852405989904344824e-02
-2.713665618542481753e-04,2.831226882402900630e-02
2.508807235368337284e-04,2.835938608935699781e-02
-2.939321393444486357e-04,2.821889519159315185e-02
-3.949304015562393115e-04,2.803004606472199109e-02
2.034922865664511471e-04,2.839011215721134671e-02
3.388441915569001539e-04,2.846006310522085705e-02
6.944184267300652696e-04,2.805504073744570157e-02
8.578153931322884883e-06,2.796984804167615760e-02
6.028654951637526610e-05,2.871153369864103480e-02
2.404768702317023113e-04,2.851084606605168090e-02
-1.926716401479281002e-04,2.785902589814086630e-02
4.093338346097422174e-04,2.817271537309362639e-02
-6.093127657275465792e-05,2.809095974146097116e-02
-3.102829396784830777e-04,2.819438068629301353e-02
1.259761260376200902e-05,2.789106701693502138e-02
5.548548594356495026e-05,2.797971857478933136e-02
-1.657265415044054352e-04,2.867315720820243219e-02
-2.404144324454769352e-04,2.787342941649137082e-02
8.768925093218291706e-05,2.849019480011862407e-02
-5.212561320594174359e-04,2.804414963895718663e-02
-1.011470463272442046e-04,2.795015604697738756e-02
7.793050466059790521e-05,2.823010433580734266e-02
-7.035090649144629409e-05,2.761529023872722963e-02
2.039615327270393830e-04,2.797532113057088834e-02
-1.505988671702984563e-04,2.799164910152477856e-02
2.762962629254322251e-04,2.768890383148759834e-02
3.786570952255984739e-04,2.767191493726849430e-02
1.008900616270232457e-05,2.811327607310780755e-02
-3.868058005984299926e-04,2.811947455774059176e-02
3.097203676971280444e-04,2.783636828509373703e-02
1.779957606366934075e-04,2.832581832802443661e-02
2.755231091307554421e-04,2.807328387369885381e-02
-1.608245191105714812e-04,2.757462251204065296e-02
-2.423768065249517622e-04,2.815131997781599241e-02
-1.070114577523535688e-04,2.791984651851033353e-02
2.563353490393722252e-04,2.775628572849847889e-02
-1.927346052127776679e-04,2.794826781818106343e-02
2.050935731193695856e-04,2.805758349082453779e-02
4.798941059927501636e-05,2.795502716673737079e-02
-2.509447926658830877e-04,2.764931051513940322e-02
-3.351534615140973729e-04,2.772328454555346433e-02
-1.435195442380062978e-04,2.774415265617278734e-02
3.934934673045156891e-04,2.799142673849103549e-02
-6.722460121881397533e-04,2.794015886219544664e-02
-2.122080903634765198e-04,2.749183805810062955e-02
-2.894513977082035323e-04,2.754091804620700801e-02
-1.038763358089762678e-04,2.779007384097527747e-02
3.618179848315247299e-05,2.800770178545294170e-02
-1.654609914385139465e-04,2.755900441837198789e-02
-9.700551596213058869e-05,2.755653290281044263e-02
1.280798252810608207e-04,2.727262878565837531e-02
-2.036377390444353249e-04,2.739790207746541431e-02
-9.733741683782478899e-05,2.759375343966084110e-02
5.801853342984886536e-06,2.783157050660608339e-02
8.753098682364412976e-04,2.748034897078741740e-02
-8.056355877507056021e-05,2.784956532853104239e-02
1.153437618492496309e-04,2.704785945941907271e-02
2.347560409674609504e-04,2.740390712746820084e-02
3.225572580682421048e-05,2.757792596091755352e-02
1.830018150369665925e-04,2.743901585268626597e-02
-4.674473005758612642e-05,2.757850526218801751e-02
5.139686605940852479e-04,2.717714260486846223e-02
-4.413979951355371818e-04,2.775552212684976802e-02
2.761047666185350896e-04,2.714878144483151221e-02
-8.052036134291833667e-05,2.775634356952135645e-02
1.424067773381110127e-04,2.744284989503934305e-02
2.519704377970947615e-04,2.697406346265518104e-02
1.837668520677953102e-04,2.735183475268693903e-02
1.672677331448977603e-04,2.754595516578990308e-02
-4.780074370178066735e-04,2.732175776434688647e-02
-4.882769935909752278e-04,2.736948749791648372e-02
2.699066468413413816e-04,2.738710849523401034e-02
4.588164221864256097e-05,2.749762395120493655e-02
-3.244449033088247255e-04,2.704046372732723386e-02
4.735984693424645389e-05,2.697461745693895824e-02
1.965292972153800488e-05,2.688209097240692666e-02
1.867637440584557181e-04,2.746872382973348029e-02
2.464166721357159066e-04,2.691527460568955352e-02
2.867799209101555059e-04,2.698033189221519385e-02
-3.668328996130530923e-04,2.731420907528011449e-02
-7.994778657375124027e-05,2.705621886065489104e-02
-5.939841730101899929e-05,2.694060504692815175e-02
2.272787616171336735e-04,2.682762942062931130e-02
-2.053435965595066029e-04,2.737032207948159393e-02
4.629341530163992710e-04,2.681521831917765136e-02
-8.302522343325610785e-05,2.704337527146844639e-02
-5.207478553161096657e-05,2.713297012113733905e-02
3.148051202323866879e-04,2.716790344549030803e-02
3.109414332416640236e-04,2.704282375547623074e-02
1.237501700730930592e-04,2.687428192113818989e-02
6.105526841339932627e-05,2.721922909651794745e-02
-5.047775254845425800e-04,2.692889334030636531e-02
-2.823676866605485730e-04,2.687740819421201299e-02
3.644436556222654553e-05,2.702346418022062366e-02
1.701804972004991427e-04,2.690405101863532766e-02
-6.571503326534866674e-06,2.696595944198620226e-02
9.377369975505371776e-05,2.660632466683646516e-02
3.130405557640191677e-04,2.699105483235191699e-02
1.127341686361530240e-04,2.703308574936297629e-02
-1.093316650156184335e-04,2.672658620078775457e-02
3.754627418064125925e-04,2.664325705394132021e-02
-3.122032240542591333e-05,2.673432491032293190e-02
9.603003129919045341e-05,2.668601623254881344e-02
-3.745859563221530107e-04,2.655593752385454129e-02
-9.683828368299560239e-05,2.666389565655436292e-02
-5.102616002271868813e-04,2.671623389691978392e-02
-7.575847025603874192e-05,2.668197190907184782e-02
-1.589431185489374710e-04,2.711092995739129360e-02
1.045588868625320047e-04,2.674660220445097478e-02
1.683295542801617202e-04,2.675963613332244320e-02
3.699352082684985855e-04,2.652016239854441612e-02
2.766541694822628977e-04,2.630473529040053618e-02
3.284927129375796845e-04,2.661440605029770368e-02
-1.607229800316364412e-05,2.633149020323704084e-02
4.838932032523680850e-05,2.688490271929696793e-02
2.235607594369199065e-04,2.683877800423595250e-02
7.042762764737127293e-05,2.678562663934743598e-02
3.524731115084050196e-05,2.622817046926890702e-02
-1.041652198776253738e-04,2.661899356631342028e-02
3.279179351833963777e-04,2.646329106389372354e-02
3.845221011284108100e-04,2.647234911904240012e-02
6.579368460590675561e-04,2.664816974048647702e-02
-2.877234834299681855e-04,2.634659811816213865e-02
-2.039110647949620185e-04,2.650981139860494537e-02
6.415303821495114901e-05,2.619112384877862049e-02
7.705272084929029998e-05,2.636135180929188512e-02
2.150398161279027114e-04,2.662273983958464429e-02
8.426105536703292409e-05,2.648632359779068760e-02
-2.164130126554014016e-04,2.643010700155032019e-02
-3.800850431152169400e-05,2.689372058382534514e-02
-1.230777389794724774e-04,2.647998341436908973e-02
3.536788754832062326e-04,2.662480518794957049e-02
-2.744103963755111186e-05,2.631796001047752992e-02
-1.329404083166844572e-04,2.639336211552350056e-02
-2.704708278632103071e-04,2.640674052155557797e-02
2.095399047111998778e-04,2.625811473665954840e-02
3.424430204427190787e-04,2.651695013199185935e-02
-2.889715714758883214e-04,2.620186410357491433e-02
1.733900160828004747e-04,2.623261401016814889e-02
-1.650434968192610158e-05,2.648817085430466706e-02
-1.440995024987724274e-04,2.625048307710635756e-02
-2.550012222427246373e-04,2.648309661201472820e-02
1.068234297826147606e-04,2.621497768692331032e-02
-2.871988150016460423e-04,2.615255622629870935e-02
4.926021988638325033e-05,2.640738126179803871e-02
-2.527273200512769385e-04,2.578779934143621277e-02
-2.097677347561720284e-04,2.615243711524724637e-02
1.543690256081110216e-04,2.618812015600858328e-02
5.620006074125472038e-06,2.628524961993070758e-02
2.676811538496619335e-04,2.587751497330690459e-02
1.240270680647404455e-04,2.615349718827275974e-02
-2.451765213144685817e-05,2.635031449327859820e-02
3.342188663880845973e-04,2.625768611500985117e-02
-2.802520816684613675e-05,2.600610945309351010e-02
1.634616975057554707e-05,2.587661480646481424e-02
-3.863936800508830770e-04,2.634141403621282490e-02
-3.300842014195549913e-04,2.587551053253228650e-02
-1.931078928874845231e-04,2.582718722023845392e-02
-3.725471384567691441e-04,2.610978547003012587e-02
7.791433007684233681e-05,2.585333272317057521e-02
5.780185361240346332e-05,2.581796103003118278e-02
2.601936504326193660e-04,2.601082328388871698e-02
2.423885518904274935e-04,2.656563584879426815e-02
2.602056182125359727e-05,2.566655834350221529e-02
-4.093304651422213021e-04,2.590600459636531114e-02
4.695408852266220740e-05,2.587129649981783144e-02
-1.037862016050701883e-04,2.560560957804622340e-02
-2.185909963845953882e-04,2.551900218534341319e-02
1.520544788006012360e-04,2.571191658875904978e-02
2.527935685619357763e-04,2.569345540273379122e-02
-1.559619744460909359e-04,2.555079285359112759e-02
2.435623542284222397e-04,2.572356566707508993e-02
-3.342764734698465499e-05,2.581005255589305727e-02
5.474984763874547614e-05,2.573411281127049866e-02
2.095855677624671744e-04,2.569617346747071762e-02
8.069754168010672432e-05,2.587143569831171913e-02
-2.184549728676570254e-05,2.570537811765055691e-02
7.641241203228449808e-05,2.579612777423597250e-02
2.743436017942329618e-04,2.540613689859243240e-02
2.244014342304583143e-05,2.592559482939480603e-02
9.720075406490809441e-05,2.540343382403996778e-02
-5.197723108165986381e-04,2.565430065514380173e-02
-1.922607366797879781e-04,2.578952112377464953e-02
1.382511715972817008e-04,2.548175184566822682e-02
4.800205977058150737e-04,2.581066444616244085e-02
-3.696323644266194162e-04,2.563386515835864785e-02
-9.028990830275495196e-05,2.567955929895297459e-02
-6.665651756016464089e-05,2.587873601828355463e-02
-2.231837092860539432e-04,2.569315952385821736e-02
-1.452045517634039155e-04,2.564178107987130639e-02
2.161801372454432346e-04,2.564675777431058012e-02
-2.110469067896578188e-04,2.609674105154454610e-02
-2.286668496247842462e-04,2.549329233715573115e-02
4.883402313971152854e-06,2.560599770114602158e-02
7.273113797234515650e-05,2.560250936322407134e-02
9.861249152704497421e-05,2.512928955683626023e-02
-5.681984682672146328e-05,2.584213405255271143e-02
-5.011631316787021616e-05,2.577323509157024642e-02
